book_id,stock_quantity,last_restocked_at
1,54,2024-07-23
2,388,2024-08-07
3,453,2025-04-19
4,27,2024-09-15
5,111,2024-08-09
6,424,2025-05-26
7,484,2025-04-13
8,200,2025-05-18
9,245,2024-09-11
10,39,2024-02-01
11,317,
12,140,2025-01-25
13,373,2024-02-24
14,188,2025-03-09
15,379,2025-03-03
16,334,2024-05-02
17,154,2024-07-28
18,61,2024-02-01
19,450,2024-01-15
20,57,2025-08-16
21,355,2025-07-30
22,245,2024-08-08
23,33,2024-02-08
24,254,2024-06-28
25,-2,2024-10-14
26,363,2024-09-30
27,12,2024-07-11
28,120,2024-02-15
29,447,2025-07-26
30,487,2024-02-18
31,146,2025-04-12
32,420,2025-01-15
33,371,2024-12-21
34,208,2025-04-23
35,177,2025-05-21
36,345,2025-03-18
37,44,2024-12-06
38,473,2025-07-06
39,441,2024-12-17
40,259,2024-05-28
41,306,2024-06-12
42,435,2024-07-29
43,422,2025-03-05
44,450,2024-02-12
45,266,
46,478,2024-08-20
47,350,2024-04-29
48,166,2025-07-15
49,479,2025-02-06
50,112,2024-04-18
51,115,2024-07-11
52,-17,2025-05-22
53,73,2024-11-09
54,123,2024-08-02
55,277,2024-07-14
56,-10,2024-07-09
57,423,2024-09-16
58,231,2025-01-01
59,338,2024-11-03
60,175,2025-03-14
61,317,2025-09-21
62,303,2024-02-02
63,255,2025-04-29
64,440,2024-04-10
65,216,2024-12-25
66,485,2024-01-28
67,194,2024-03-29
68,243,2024-09-08
69,370,2024-04-06
70,232,2025-09-10
71,240,2025-04-07
72,110,2024-05-11
73,303,2025-06-02
74,227,2024-10-08
75,356,2025-07-02
76,334,2024-04-30
77,357,2025-04-07
78,150,2025-09-07
79,169,2024-03-19
80,101,2025-01-31
81,397,2024-06-29
82,395,2024-08-16
83,174,2025-05-20
84,117,2024-04-28
85,51,2025-09-11
86,288,2025-03-16
87,10,2025-01-12
88,325,2024-02-04
89,142,2024-03-09
90,33,2025-01-01
91,243,2024-05-20
92,61,2024-07-10
93,340,2025-07-13
94,191,2024-07-08
95,298,2024-08-25
96,103,2025-02-04
97,5,2024-01-13
98,57,2025-06-27
99,4,2024-11-23
100,471,2024-08-06
101,96,2024-08-07
102,50,2025-07-08
103,439,2024-05-10
104,439,2024-03-10
105,244,2025-08-02
106,84,2025-01-05
107,480,2024-03-02
108,385,2025-02-08
109,14,2025-01-17
110,200,2024-08-18
111,383,2025-06-05
112,455,2024-06-10
113,123,2024-03-17
114,221,2025-07-29
115,43,2024-02-10
116,189,2024-12-15
117,155,2024-11-11
118,437,2025-01-30
119,387,2025-07-27
120,472,2025-08-10
121,70,2025-05-16
122,499,2024-03-05
123,128,2024-10-22
124,304,2024-11-27
125,464,2024-11-09
126,98,2025-02-25
127,142,2024-07-11
128,393,2024-10-29
129,97,2025-07-09
130,283,2025-08-18
131,266,2024-10-25
132,326,2024-12-11
133,93,2025-01-18
134,125,2025-08-04
135,235,2025-09-12
136,36,2025-07-17
137,-7,2024-09-17
138,475,2025-07-17
139,298,2025-03-06
140,101,2025-05-16
141,304,2024-11-16
142,61,2024-02-25
143,21,2025-07-15
144,274,2025-03-09
145,104,2024-03-02
146,5,2024-10-10
147,145,2025-09-25
148,309,2025-07-19
149,181,2025-07-20
150,299,2025-01-27
151,104,
152,82,2024-10-03
153,414,2025-02-20
154,113,2024-06-26
155,469,2024-09-01
156,343,2025-09-06
157,434,2024-04-12
158,433,2025-03-29
159,76,2025-09-21
160,384,2024-10-05
161,105,2025-06-20
162,175,2025-09-22
163,198,2025-01-16
164,73,2025-01-21
165,86,2024-11-17
166,180,2024-10-24
167,460,2025-04-25
168,491,2024-09-06
169,330,2024-01-23
170,199,2024-01-21
171,251,2025-03-10
172,45,2024-10-02
173,187,2024-06-10
174,86,2025-06-13
175,306,2024-02-07
176,195,2024-04-02
177,362,2025-07-20
178,25,2024-09-18
179,231,2025-03-22
180,142,2025-02-23
181,159,2024-04-04
182,317,2024-06-29
183,147,2024-06-20
184,-7,2024-03-19
185,34,2024-07-02
186,273,2025-01-12
187,370,2024-07-10
188,125,2024-06-24
189,392,2025-05-27
190,258,2024-06-20
191,24,2024-09-04
192,441,2024-10-12
193,236,2024-04-22
194,365,2024-02-13
195,34,2024-10-21
196,235,2025-02-08
197,281,2025-06-21
198,238,2024-12-28
199,402,2025-02-18
200,384,2024-06-19
201,257,2024-02-07
202,105,2024-11-01
203,59,2025-01-19
204,153,2024-07-22
205,-14,2024-05-30
206,230,2024-05-23
207,332,2024-05-25
208,8,2024-09-15
209,249,2025-01-15
210,451,2024-02-22
211,125,2024-04-13
212,151,2025-01-30
213,454,2025-09-04
214,150,2025-05-03
215,20,2025-05-05
216,34,2025-06-02
217,-4,2025-07-29
218,138,2025-06-17
219,190,2025-09-19
220,235,2025-01-11
221,26,2025-03-24
222,388,2024-02-07
223,341,2025-08-02
224,259,2025-01-21
225,169,2024-09-30
226,73,2024-04-05
227,315,2024-02-12
228,22,2024-07-18
229,214,2024-06-04
230,218,2024-08-03
231,0,2024-02-08
232,135,2024-08-12
233,239,2025-05-20
234,58,2024-12-16
235,315,2025-04-25
236,489,2025-07-15
237,455,2024-11-30
238,269,2025-08-26
239,266,2024-09-08
240,115,2024-10-05
241,168,2025-02-18
242,26,2024-09-20
243,54,2024-08-12
244,450,2024-06-05
245,474,2025-01-06
246,211,2024-12-05
247,153,2025-05-07
248,485,2024-11-17
249,474,2025-03-18
250,78,2024-12-07
251,480,2025-05-13
252,450,2025-02-09
253,301,2024-08-28
254,146,2024-12-10
255,81,2024-03-25
256,51,2024-01-09
257,76,2024-04-04
258,478,2024-06-04
259,-6,2024-10-25
260,431,2024-12-31
261,341,2024-11-13
262,169,2024-03-25
263,20,2024-07-15
264,404,2025-05-17
265,55,2025-06-22
266,36,2024-03-07
267,236,2025-06-11
268,49,2024-10-17
269,16,2024-06-15
270,355,2025-06-05
271,156,2025-02-14
272,214,2024-11-12
273,341,2024-06-01
274,360,2025-08-24
275,448,2025-04-04
276,64,2024-12-06
277,352,2025-05-08
278,222,2025-07-19
279,373,2024-08-02
280,458,2024-06-09
281,200,2024-02-02
282,430,2024-07-10
283,416,2025-02-11
284,401,2024-05-16
285,417,2025-03-08
286,337,2025-08-03
287,444,
288,401,2024-04-05
289,249,2024-02-13
290,452,2025-05-22
291,490,2024-07-03
292,213,
293,184,2025-01-16
294,-16,2025-05-28
295,103,2025-06-01
296,140,2025-08-27
297,313,2024-02-10
298,232,2024-10-24
299,275,2024-10-18
300,-19,2024-03-05
301,242,2025-04-19
302,468,2024-11-18
303,427,2024-11-03
304,456,2024-08-22
305,342,2024-09-28
306,2,2025-04-05
307,122,2024-03-18
308,410,2025-07-13
309,481,2024-11-09
310,393,2025-08-17
311,109,2024-04-28
312,437,2025-07-28
313,371,2024-07-24
314,7,2024-09-08
315,484,2024-09-21
316,86,2025-03-01
317,82,2024-06-16
318,185,2024-11-12
319,277,2024-03-19
320,79,2024-01-04
321,488,2024-10-03
322,494,2024-12-11
323,62,2025-07-01
324,238,2025-09-21
325,142,2024-04-04
326,180,2025-07-12
327,483,
328,467,2024-03-29
329,32,2025-06-18
330,417,2024-12-25
331,15,2025-03-18
332,53,2025-02-16
333,108,2025-05-10
334,396,2024-08-20
335,427,2025-05-21
336,285,2025-01-12
337,101,2024-07-11
338,1,
339,340,2025-03-01
340,383,2025-04-19
341,43,2025-06-17
342,287,2025-04-29
343,253,2024-12-14
344,61,2024-11-20
345,125,2024-10-27
346,19,2024-11-03
347,340,2024-09-21
348,417,2024-12-14
349,435,2025-06-27
350,186,2024-11-03
351,208,2024-12-01
352,94,2025-06-21
353,308,2024-04-26
354,48,2024-11-21
355,454,2025-08-19
356,409,2024-11-14
357,430,2024-03-22
358,415,2025-07-13
359,152,2024-04-12
360,458,2024-11-15
361,470,2024-12-07
362,137,2024-04-06
363,485,
364,456,2025-01-04
365,207,2025-08-28
366,481,2024-03-24
367,171,2025-08-05
368,358,2024-01-18
369,240,2024-06-22
370,377,2025-06-05
371,122,
372,267,2024-07-11
373,252,2024-08-04
374,313,2025-06-24
375,149,2025-08-27
376,210,2024-09-12
377,315,2025-03-06
378,130,2024-04-27
379,207,2024-05-11
380,295,2024-05-02
381,495,2024-02-11
382,118,2024-03-14
383,350,2024-10-10
384,491,
385,107,2024-01-15
386,211,2024-05-27
387,75,2025-01-12
388,166,2025-06-15
389,348,2024-05-29
390,105,2024-09-05
391,250,2024-02-20
392,-15,2024-03-02
393,383,2025-02-27
394,56,2024-10-13
395,90,
396,402,2025-04-10
397,178,2024-07-24
398,352,2025-02-03
399,138,2024-05-16
400,8,2025-01-28
401,112,2024-05-28
402,56,2024-09-17
403,353,2025-06-12
404,409,2024-03-05
405,290,2024-10-16
406,129,2025-07-23
407,438,2025-06-26
408,471,2025-06-25
409,1,
410,393,2025-08-04
411,-7,2024-11-09
412,369,2024-10-05
413,300,2025-09-08
414,289,2025-04-28
415,319,2024-02-16
416,439,2024-09-03
417,272,2025-07-29
418,8,2024-05-20
419,118,2025-04-23
420,211,2024-04-15
421,348,2024-05-18
422,113,2024-04-09
423,18,2025-02-22
424,61,2025-04-05
425,457,2024-08-30
426,313,2025-09-04
427,274,2024-09-03
428,22,2024-06-20
429,336,2025-05-16
430,418,2024-12-04
431,51,2025-08-12
432,-12,2025-04-08
433,284,
434,49,2024-10-08
435,98,2024-02-16
436,375,2024-07-21
437,67,2025-04-05
438,115,2024-07-28
439,187,2024-11-02
440,427,2024-03-05
441,426,2024-01-08
442,87,2025-03-06
443,55,2024-03-15
444,78,2024-06-19
445,136,2025-06-27
446,486,2025-08-22
447,168,2025-08-31
448,272,2025-04-04
449,217,2025-03-31
450,142,2024-01-21
451,100,2025-07-02
452,238,2024-04-28
453,407,2024-08-23
454,377,2024-04-25
455,286,2025-08-17
456,364,2025-06-14
457,92,2024-05-09
458,123,2025-09-13
459,278,2025-07-19
460,42,2024-09-22
461,133,2024-07-01
462,22,2024-07-29
463,71,2024-04-01
464,265,2025-03-08
465,369,2024-11-25
466,235,2024-12-11
467,15,
468,13,2024-02-01
469,42,2025-08-22
470,41,2024-04-10
471,224,2025-01-15
472,29,2025-09-11
473,13,2024-11-16
474,194,2025-05-31
475,330,2024-06-12
476,43,2025-08-13
477,276,2024-03-19
478,77,2025-05-28
479,318,2025-04-25
480,20,2024-02-15
481,306,2024-09-08
482,193,2025-01-05
483,370,2025-02-18
484,193,2024-06-01
485,408,2024-11-25
486,189,2024-06-23
487,401,2025-07-19
488,365,2025-02-20
489,106,2025-09-20
490,285,2024-01-18
491,395,2025-06-22
492,94,2024-02-18
493,475,2025-06-25
494,63,2024-01-06
495,133,2024-06-30
496,280,2024-09-11
497,264,2024-07-11
498,270,2024-09-05
499,79,2025-02-13
500,316,2025-06-18
