order_id,customer_id,order_date,status,order_total
1,36,2025-01-30,shipped,94.42
2,233,2024-02-28,placed,59.83
3,211,2025-02-04,placed,47.45
4,381,2024-03-11,shipped,47.68
5,222,2025-05-01,returned,282.35
6,258,2025-04-14,placed,297.41
7,423,2025-02-12,shipped,162.5
8,451,2025-05-17,returned,21.33
9,331,2025-04-12,delivered,123.42
10,436,2024-06-28,shipped,270.99
11,235,2025-01-28,shipped,212.57
12,358,2024-02-14,shipped,89.4
13,150,2024-03-09,shipped,273.53
14,391,2025-07-20,delivered,32.19
15,393,2024-11-29,shipped,83.3
16,237,2024-01-28,cancelled,120.54
17,439,2024-07-18,placed,82.68
18,70,2024-11-30,cancelled,150.58
19,281,2024-09-05,cancelled,50.67
20,431,2024-06-14,placed,186.03
21,64,2025-07-01,shipped,32.5
22,347,2024-10-06,delivered,61.6
23,458,2025-06-29,placed,252.59
24,329,2024-04-15,delivered,138.76
25,25,2025-01-21,shipped,118.65
26,47,2024-01-17,placed,107.76
27,343,2024-03-05,placed,241.11
28,86,2024-06-20,RETURNED,41.23
29,288,2024-07-13,returned,124.57
30,119,2024-08-06,delivered,60.35
31,162,2024-01-13,cancelled,73.83
32,143,2025-09-30,placed,266.78
33,393,2025-09-05,placed,216.63
34,473,2025-08-05,placed,183.96
35,357,2025-02-01,shipped,106.29
36,453,2024-11-21,cancelled,29.58
37,467,2025-08-22,returned,195.77
38,301,2024-01-14,returned,230.09
39,122,2025-03-14,returned,33.02
40,256,2024-10-30,cancelled,69.27
41,473,2025-09-04,cancelled,224.38
42,143,2024-11-21,placed,161.05
43,332,2024-10-22,shipped,255.61
44,125,2024-07-29,shipped,242.42
45,114,2025-09-14,returned,103.27
46,4,2024-03-07,placed,286.56
47,73,2024-07-28,shipped,181.86
48,478,2024-07-28,placed,133.61
49,85,2024-07-21,shipped,185.7
50,296,2025-04-04,shipped,88.84
51,41,2025-01-03,shipped,146.51
52,313,2025-03-19,cancelled,15.75
53,438,2024-03-26,delivered,182.6
54,373,2024-06-28,cancelled,98.7
55,288,2025-09-12,delivered,49.63
56,80,2024-07-13,RETURNED,221.81
57,208,2025-03-01,delivered,121.37
58,302,2024-03-13,placed,297.82
59,478,2025-08-02,cancelled,287.56
60,385,2024-12-22,cancelled,194.14
61,30,2025-01-29,shipped,80.28
62,417,2025-01-05,placed,212.27
63,134,2025-09-11,shipped,83.74
64,488,2024-06-14,Placed,196.88
65,204,2025-08-23,placed,160.38
66,217,2024-06-18,delivered,210.63
67,273,2025-01-26,cancelled,228.21
68,446,2024-04-01,returned,235.24
69,74,2024-10-02,cancelled,212.71
70,12759,2025-05-18,Placed,234.39
71,214,2024-10-22,shipped,61.16
72,69,2024-07-21,returned,285.06
73,417,2024-08-05,placed,227.48
74,99,2024-09-22,cancelled,137.81
75,56,2024-06-19,placed,119.54
76,176,2024-01-31,cancelled,150.71
77,5,2024-03-03,placed,202.94
78,22,2024-04-09,placed,118.94
79,493,2024-09-29,cancelled,229.5
80,173,2025-01-14,delivered,299.84
81,482,2025-01-04,cancelled,187.13
82,448,2024-12-04,placed,142.51
83,372,2024-05-22,Placed,262.01
84,359,2024-09-11,returned,208.99
85,264,2025-02-27,placed,295.99
86,417,2024-11-25,  delivered,263.3
87,377,2024-11-29,shipped,185.96
88,314,2024-03-24,cancelled,296.19
89,464,2024-04-12,delivered,186.08
90,446,2025-06-16,returned,19.21
91,45,2024-11-04,returned,296.29
92,459,2025-04-01,cancelled,202.17
93,109,2024-06-23,placed,40.59
94,15,2024-06-13,delivered,271.77
95,113,2024-09-20,placed,202.99
96,325,2025-05-18,delivered,262.86
97,393,2025-09-07,delivered,119.33
98,377,2025-01-25,returned,290.21
99,120,2024-08-16,delivered,35.43
100,380,2025-08-29,placed,176.12
101,161,2025-01-24,placed,100.13
102,98,2025-02-01,delivered,233.67
103,479,2024-05-09,returned,181.33
104,5,2025-07-05,delivered,51.96
105,429,2024-08-12,cancelled,52.75
106,383,2024-02-05,delivered,155.69
107,141,2025-08-10,shipped,153.56
108,193,2024-03-01,delivered,54.28
109,435,2024-08-18,placed,277.72
110,439,2025-05-14,delivered,295.47
111,435,2024-06-12,returned,123.76
112,243,2024-12-22,cancelled,30.83
113,145,2024-07-18,returned,124.19
114,386,2025-08-17,placed,256.44
115,235,2024-06-16,cancelled,211.83
116,75,2024-08-02,shipped,223.24
117,19431,2024-04-14,shipped,119.2
118,348,2024-06-21,placed,113.12
119,484,2024-02-23,returned,198.53
120,497,2024-06-01,cancelled,81.05
121,204,2025-05-15,returned,286.82
122,193,2024-04-01,cancelled,89.81
123,189,2024-01-12,placed,45.39
124,466,2025-06-05,returned,176.16
125,141,2024-04-06,shipped,121.35
126,360,2025-03-20,shipped,38.84
127,466,2025-07-04,placed,124.2
128,402,2025-06-26,returned,252.77
129,420,2024-05-07,shipped,290.05
130,93,2025-09-05,placed,170.87
131,63,2024-02-10,shipped,199.27
132,132,2024-02-05,placed,156.78
133,279,2024-06-24,placed,82.02
134,485,2025-06-15,delivered,201.16
135,296,2025-05-17,returned,274.13
136,311,2025-07-05,placed,202.16
137,19,2024-07-11,shipped,287.65
138,111,2025-08-28,shipped,221.44
139,282,2024-09-18,shipped,126.02
140,131,2025-03-11,shipped,165.41
141,376,2024-10-02,shipped,217.19
142,332,2025-06-07,cancelled,248.25
143,404,2025-03-20,returned,81.77
144,273,2024-04-22,cancelled,29.13
145,186,2024-12-07,shipped,261.97
146,6,2024-04-10,shipped,119.8
147,474,2024-05-06,delivered,180.76
148,49,2025-06-25,returned,260.97
149,312,2024-04-11,shipped,102.22
150,93,2024-12-19,returned,169.98
151,207,2025-05-03,delivered,12.75
152,80,2024-05-09,returned,223.27
153,372,2025-01-14,shipped,206.68
154,235,2024-07-06,delivered,241.56
155,142,2025-03-14,shipped,98.5
156,486,2024-11-08,delivered,255.12
157,40,2024-09-02,shipped,176.84
158,147,2025-07-21,placed,289.03
159,261,2024-05-19,returned,208.69
160,273,2024-05-07,returned,65.15
161,4,2025-03-11,delivered,80.83
162,487,2025-06-24,placed,186.14
163,346,2025-06-20,shipped,31.79
164,264,2024-12-27,cancelled,153.7
165,497,2024-04-25,shipped,251.2
166,440,2024-04-30,cancelled,95.13
167,378,2025-08-05,delivered,279.44
168,264,2024-02-06,returned,256.02
169,4,2025-09-22,delivered,112.63
170,13050,2025-02-15,placed,134.93
171,271,2025-06-10,cancelled,45.91
172,80,2024-09-13,cancelled,118.55
173,457,2024-07-05,delivered,41.52
174,430,2025-03-25,delivered,226.66
175,13251,2024-04-23,placed,48.77
176,170,2024-02-02,shipped,285.03
177,137,2024-05-01,returned,153.71
178,66,2024-11-28,cancelled,155.54
179,432,2025-02-02,placed,239.89
180,177,2025-05-27,SHIPPED ,25.09
181,220,2025-09-03,cancelled,149.26
182,43,2025-03-15,shipped,221.48
183,144,2024-04-27,shipped,203.24
184,243,2024-04-15,returned,187.22
185,438,2025-08-28,shipped,76.52
186,20,2024-10-07,shipped,133.63
187,47,2024-02-22,returned,98.87
188,119,2024-08-15,cancelled,27.79
189,27,2024-11-07,delivered,91.36
190,215,2024-09-09,placed,62.71
191,15269,2024-08-05,delivered,273.46
192,95,2024-09-15,delivered,106.94
193,343,2024-01-14,shipped,106.05
194,186,2025-08-26,delivered,79.09
195,300,2025-01-28,placed,47.84
196,62,2024-02-12,shipped,65.95
197,51,2024-03-17,returned,109.44
198,390,2024-07-25,shipped,22.71
199,282,2024-09-15,returned,292.79
200,230,2024-04-30,placed,150.02
201,488,2025-05-30,shipped,183.75
202,67,2024-10-23,RETURNED,27.63
203,98,2025-02-11,returned,262.37
204,85,2025-03-24,cancelled,173.12
205,311,2024-10-05,placed,56.4
206,357,2024-01-10,returned,142.08
207,269,2024-09-22,shipped,95.95
208,61,2024-06-24,returned,79.08
209,76,2024-10-11,delivered,263.28
210,128,2024-08-03,placed,198.11
211,498,2025-01-12,returned,86.57
212,460,2025-09-18,placed,191.53
213,183,2024-08-12,delivered,61.25
214,276,2025-08-20,cancelled,284.24
215,321,2025-09-10,cancelled,73.99
216,298,2025-02-08,shipped,221.65
217,76,2025-05-05,shipped,143.22
218,91,2024-07-12,shipped,197.79
219,84,2024-06-30,returned,64.48
220,219,2024-09-08,cancelled,39.07
221,373,2024-01-13,cancelled,121.36
222,7,2024-02-14,placed,87.62
223,308,2024-01-14,placed,287.71
224,377,2024-12-12,placed,68.67
225,289,2025-03-30,delivered,106.21
226,29,2025-07-10,returned,45.69
227,53,2025-07-11,returned,267.07
228,1,2024-08-17,Cancelled,121.76
229,147,2024-08-19,cancelled,209.16
230,462,2024-04-25,placed,75.11
231,145,2024-12-31,delivered,44.32
232,471,2024-03-27,returned,53.82
233,172,2025-09-06,cancelled,53.56
234,155,2024-10-20,placed,88.62
235,189,2024-09-28,placed,238.77
236,77,2024-05-30,cancelled,139.54
237,500,2025-05-04,placed,177.57
238,143,2024-05-28,shipped,62.74
239,164,2025-05-21,cancelled,184.51
240,71,2024-09-08,returned,154.16
241,273,2025-07-03,cancelled,34.25
242,270,2025-08-14,shipped,213.9
243,2,2024-07-27,placed,115.1
244,69,2024-04-22,delivered,114.65
245,399,2024-05-22,shipped,252.22
246,477,2025-03-07,shipped,26.2
247,493,2024-05-26,placed,211.88
248,28,2024-04-18,placed,148.28
249,81,2024-01-31,shipped,32.91
250,292,2025-03-02,shipped,146.23
251,271,2024-11-02,delivered,138.75
252,7,2024-10-20,placed,265.54
253,385,2024-06-26,placed,124.95
254,486,2025-04-10,delivered,276.55
255,364,2024-08-20,shipped,88.83
256,194,2024-05-08,cancelled,189.52
257,95,2025-07-26,placed,246.8
258,161,2025-02-18,shipped,25.85
259,218,2024-07-18,placed,32.56
260,434,2024-12-09,  delivered,57.2
261,109,2025-09-03,  delivered,64.45
262,476,2024-02-03,placed,293.23
263,289,2025-05-10,  delivered,37.03
264,183,2024-10-16,returned,66.52
265,372,2024-12-30,placed,106.08
266,258,2024-04-13,shipped,16.87
267,245,2025-08-23,placed,94.13
268,238,2024-03-21,placed,286.32
269,111,2024-05-24,shipped,298.09
270,374,2025-09-15,delivered,139.77
271,149,2025-01-03,cancelled,21.6
272,350,2025-01-31,returned,185.99
273,291,2025-05-24,placed,51.36
274,281,2024-03-30,cancelled,100.98
275,83,2024-03-10,delivered,112.48
276,364,2025-04-16,cancelled,293.76
277,227,2024-05-23,returned,151.6
278,147,2025-02-14,returned,275.97
279,188,2025-06-08,delivered,118.37
280,260,2025-04-05,placed,189.98
281,380,2024-09-07,returned,12.3
282,149,2025-01-19,cancelled,257.61
283,448,2025-04-18,delivered,145.1
284,461,2025-04-21,shipped,222.22
285,473,2025-02-10,shipped,126.44
286,176,2025-09-10,cancelled,43.15
287,280,2024-06-08,shipped,195.66
288,17,2025-09-07,placed,281.57
289,221,2025-04-29,shipped,261.73
290,351,2025-03-09,shipped,34.24
291,208,2024-03-24,cancelled,262.67
292,343,2024-09-22,placed,36.81
293,176,2024-10-31,delivered,283.16
294,275,2024-06-13,cancelled,112.86
295,200,2024-01-11,returned,67.58
296,297,2025-09-23,delivered,14.11
297,479,2024-05-31,delivered,42.95
298,209,2024-09-26,placed,296.59
299,439,2024-05-08,returned,38.26
300,97,2025-03-06,shipped,184.27
301,108,2024-07-14,returned,286.98
302,187,2024-01-17,delivered,155.6
303,359,2025-05-26,cancelled,130.08
304,425,2025-07-09,delivered,42.88
305,220,2025-01-17,returned,57.17
306,146,2025-03-23,returned,281.99
307,51,2024-03-30,placed,36.0
308,478,2025-02-25,returned,278.9
309,228,2025-05-30,placed,203.64
310,109,2024-08-16,returned,120.51
311,241,2024-05-07,cancelled,129.75
312,361,2025-02-09,  delivered,236.84
313,138,2024-09-27,cancelled,205.26
314,16792,2024-02-03,SHIPPED ,239.25
315,266,2025-09-06,shipped,288.16
316,124,2025-07-23,shipped,188.72
317,27,2025-08-14,cancelled,293.43
318,463,2024-11-21,cancelled,76.98
319,65,2025-05-31,returned,237.44
320,322,2024-09-23,shipped,285.12
321,48,2024-01-27,returned,54.38
322,279,2024-03-21,placed,225.28
323,233,2025-01-01,shipped,96.11
324,126,2025-01-22,placed,89.74
325,322,2024-01-24,returned,261.41
326,475,2025-09-02,shipped,91.91
327,48,2024-03-20,delivered,274.69
328,52,2025-05-17,cancelled,31.34
329,40,2024-08-03,cancelled,268.02
330,231,2024-06-13,placed,272.06
331,324,2025-09-13,placed,293.02
332,248,2025-09-20,placed,55.93
333,475,2024-05-04,placed,165.43
334,390,2024-06-05,delivered,43.29
335,168,2024-05-21,shipped,87.6
336,489,2024-04-04,returned,199.06
337,415,2025-05-22,cancelled,277.48
338,102,2024-10-14,placed,179.26
339,160,2024-06-18,cancelled,135.71
340,306,2024-10-05,returned,41.19
341,103,2025-08-03,placed,140.33
342,491,2025-06-07,cancelled,95.11
343,331,2025-06-27,placed,43.25
344,220,2024-07-09,placed,72.4
345,75,2024-11-17,delivered,209.6
346,110,2025-04-21,delivered,270.64
347,198,2024-10-17,returned,73.06
348,367,2025-09-14,placed,176.45
349,350,2025-03-21,delivered,67.46
350,253,2025-05-25,  delivered,132.16
351,88,2025-09-07,cancelled,78.56
352,10,2025-08-12,cancelled,92.47
353,207,2024-02-07,returned,21.34
354,36,2025-04-26,cancelled,219.74
355,386,2024-12-20,returned,234.64
356,25,2025-02-06,cancelled,153.07
357,467,2024-05-04,returned,39.8
358,423,2024-01-11,delivered,259.8
359,116,2024-06-23,delivered,246.68
360,3,2024-02-23,placed,42.13
361,39,2024-09-27,returned,239.57
362,358,2024-06-23,returned,143.6
363,442,2024-05-31,cancelled,194.7
364,268,2025-06-24,cancelled,201.77
365,165,2025-05-09,delivered,232.2
366,181,2025-07-25,shipped,201.25
367,106,2024-03-20,cancelled,27.48
368,111,2025-04-24,shipped,151.42
369,417,2025-08-27,returned,258.95
370,160,2025-04-09,returned,40.64
371,470,2025-01-07,cancelled,261.68
372,400,2025-02-13,delivered,132.7
373,488,2025-08-14,shipped,143.68
374,57,2024-09-03,Cancelled,64.24
375,339,2025-06-27,delivered,44.31
376,182,2025-03-17,cancelled,155.64
377,28,2025-03-27,placed,24.25
378,476,2025-03-08,shipped,126.78
379,272,2025-09-14,cancelled,41.66
380,128,2024-04-23,placed,269.57
381,123,2024-03-08,delivered,75.67
382,367,2025-02-18,placed,73.77
383,355,2024-10-01,shipped,237.86
384,148,2025-09-02,placed,37.33
385,359,2025-09-29,delivered,257.24
386,88,2024-11-18,shipped,64.33
387,73,2024-01-14,cancelled,106.88
388,136,2024-03-19,placed,182.26
389,299,2024-01-02,shipped,147.04
390,9,2025-08-03,delivered,252.25
391,86,2024-05-30,placed,98.33
392,232,2025-05-17,returned,84.63
393,187,2025-04-14,  delivered,97.33
394,266,2025-09-02,delivered,208.88
395,11,2024-05-31,shipped,201.22
396,255,2024-02-01,cancelled,114.23
397,100,2025-01-21,delivered,264.37
398,461,2025-04-05,returned,60.74
399,179,2024-12-05,cancelled,284.13
400,98,2024-02-12,delivered,251.91
401,408,2025-04-10,delivered,93.64
402,256,2024-05-30,shipped,161.72
403,286,2024-06-15,delivered,28.74
404,233,2024-02-11,returned,45.8
405,3,2025-03-16,placed,24.47
406,450,2024-10-17,returned,202.94
407,80,2024-03-29,shipped,298.82
408,300,2024-03-23,placed,147.22
409,416,2025-01-30,placed,268.98
410,306,2024-11-14,cancelled,206.89
411,297,2024-05-22,shipped,82.51
412,103,2024-11-04,delivered,174.33
413,280,2024-07-06,cancelled,37.85
414,356,2024-11-16,delivered,145.83
415,216,2025-02-24,returned,17.66
416,46,2024-05-23,delivered,238.12
417,192,2024-05-10,returned,264.56
418,433,2025-02-06,placed,144.21
419,266,2025-04-16,placed,25.86
420,333,2024-04-19,placed,248.36
421,354,2024-12-05,placed,224.74
422,379,2024-02-24,returned,51.8
423,254,2024-05-19,shipped,97.26
424,480,2024-01-07,returned,209.45
425,1,2024-06-05,placed,160.75
426,54,2025-04-30,RETURNED,138.71
427,63,2024-11-03,shipped,247.88
428,280,2024-09-23,cancelled,259.2
429,222,2024-05-29,shipped,51.09
430,124,2024-06-23,returned,68.1
431,149,2024-04-12,cancelled,116.53
432,198,2024-04-19,cancelled,52.97
433,62,2025-07-31,returned,97.8
434,458,2025-09-26,delivered,289.21
435,371,2025-04-14,shipped,113.75
436,258,2024-08-03,returned,123.28
437,336,2024-06-04,returned,108.39
438,403,2024-05-23,delivered,277.81
439,430,2025-05-10,cancelled,185.69
440,363,2025-06-03,returned,85.18
441,302,2025-08-17,returned,250.67
442,16,2024-06-11,placed,154.84
443,166,2024-08-25,shipped,40.58
444,373,2025-01-28,cancelled,277.49
445,129,2024-04-27,Placed,138.04
446,324,2024-01-31,delivered,41.22
447,69,2025-08-10,shipped,83.22
448,147,2024-08-18,shipped,135.88
449,405,2024-07-15,placed,192.44
450,105,2024-02-04,placed,114.27
451,280,2024-03-14,returned,153.89
452,293,2025-04-30,delivered,189.36
453,71,2024-03-09,cancelled,263.45
454,66,2025-06-13,placed,154.63
455,277,2024-12-04,  delivered,277.46
456,361,2025-01-01,shipped,290.75
457,295,2024-09-04,returned,155.01
458,30,2025-07-13,placed,179.0
459,135,2024-01-31,Cancelled,85.66
460,392,2024-03-01,returned,246.86
461,388,2024-03-04,placed,243.64
462,313,2024-02-06,placed,285.47
463,314,2024-03-23,cancelled,284.51
464,22,2024-04-16,RETURNED,75.32
465,245,2024-11-06,shipped,16.22
466,397,2024-07-19,cancelled,207.76
467,283,2025-05-08,cancelled,211.68
468,219,2025-07-16,cancelled,44.22
469,463,2025-01-11,delivered,136.59
470,119,2024-04-04,shipped,129.79
471,414,2025-07-03,placed,263.24
472,30,2024-03-19,cancelled,62.37
473,180,2025-09-08,shipped,299.45
474,204,2025-05-05,placed,32.15
475,106,2025-05-21,delivered,270.32
476,228,2024-11-05,returned,94.88
477,270,2024-09-30,returned,156.0
478,462,2025-02-24,returned,151.0
479,467,2024-05-20,returned,76.86
480,108,2024-05-05,shipped,20.4
481,226,2025-04-09,placed,154.68
482,143,2025-08-25,placed,27.32
483,197,2025-05-22,Cancelled,121.55
484,106,2025-01-23,cancelled,164.42
485,17,2025-07-08,placed,273.92
486,173,2024-09-25,returned,72.8
487,372,2025-09-28,cancelled,236.96
488,386,2024-02-28,returned,122.55
489,348,2024-10-21,returned,144.42
490,291,2025-06-15,cancelled,145.53
491,122,2024-05-15,delivered,241.88
492,44,2024-09-12,delivered,107.88
493,316,2024-10-07,delivered,236.9
494,312,2024-01-13,returned,201.63
495,434,2024-07-02,placed,137.57
496,495,2025-01-02,returned,73.17
497,481,2024-03-22,returned,169.92
498,226,2024-07-03,delivered,85.27
499,117,2024-06-27,returned,200.23
500,336,2024-02-09,returned,259.57
