payment_id,order_id,payment_method,payment_status,amount,paid_at
1,293,paypal,succeeded,55.99,2024-09-05 13:48:45
2,370,gift_card,succeeded,40.19,2024-09-14 02:29:55
3,200,paypal,pending,193.17,2024-06-09 11:48:23
4,444,credit_card,succeeded,238.71,2025-01-12 10:34:43
5,99,credit_card,succeeded,146.25,2024-11-11 13:50:17
6,263,gift_card,refunded,163.8,2024-01-24 07:46:06
7,285,gift_card,succeeded,250.82,2024-10-09 10:46:08
8,426,credit_card,succeeded,108.58,2024-10-23 21:40:03
9,150,debit_card,succeeded,72.68,2024-12-29 06:53:33
10,162,credit_card,succeeded,74.34,2024-05-24 03:05:06
11,233,gift_card,succeeded,264.79,2024-05-06 17:03:38
12,124,gift_card,succeeded,206.85,2025-05-19 06:08:25
13,116,credit_card,pending,257.9,2024-03-19 02:58:48
14,259,apple_pay,failed,104.96,2025-02-02 03:29:32
15,399,gift_card,failed,162.1,2024-01-09 00:58:11
16,14,credit_card,succeeded,107.03,2025-02-28 03:35:08
17,269,credit_card,succeeded,119.41,2025-04-28 20:44:31
18,146,gift_card,succeeded,220.19,2025-03-01 00:56:39
19,201,paypal,succeeded,110.28,2024-02-29 02:19:38
20,64,gift_card,succeeded,176.76,2024-04-21 17:18:14
21,272,apple_pay,succeeded,17.65,2024-05-22 13:12:10
22,81,debit_card,succeeded,156.7,2024-03-16 07:28:17
23,215,credit_card,succeeded,280.8,2024-10-28 04:33:34
24,383,credit_card,pending,192.84,2024-12-11 07:31:59
25,223,credit_card,succeeded,37.84,2024-05-11 13:49:54
26,22,debit_card,pending,26.06,2024-07-27 11:24:25
27,46,credit_card,succeeded,208.62,2024-03-15 10:47:13
28,90,debit_card,succeeded,108.75,2024-02-23 13:32:35
29,293,credit_card,succeeded,255.76,2025-03-10 17:41:57
30,108,gift_card,pending,94.22,2024-02-11 03:15:19
31,3,gift_card,refunded,236.27,2024-12-16 09:15:30
32,468,gift_card,failed,163.3,2025-02-21 01:13:14
33,315,credit_card,succeeded,203.44,2025-04-07 22:44:01
34,25,gift_card,succeeded,173.69,2024-03-07 09:18:36
35,9,apple_pay,refunded,179.04,2024-06-18 12:48:38
36,320,apple_pay,failed,176.09,2025-01-19 21:18:53
37,310,gift_card,failed,206.01,2025-04-12 02:56:33
38,275,paypal,succeeded,194.67,2025-08-05 07:09:21
39,151,credit_card,failed,267.33,2025-08-06 19:50:54
40,90,debit_card,succeeded,253.36,2024-08-16 09:49:09
41,221,apple_pay,succeeded,288.58,2024-02-26 13:39:44
42,286,apple_pay,succeeded,195.67,2025-04-13 13:57:01
43,90,debit_card,succeeded,283.48,2024-08-21 16:38:14
44,340,gift_card,pending,198.55,2025-06-16 04:42:57
45,9,paypal,pending,270.2,2025-02-21 21:07:09
46,290,gift_card,succeeded,18.68,2024-05-30 12:37:48
47,347,debit_card,succeeded,87.15,2025-07-17 12:36:24
48,323,credit_card,pending,72.82,2025-07-29 15:51:27
49,426,debit_card,failed,244.1,2024-11-17 18:21:59
50,129,debit_card,failed,125.61,2024-06-01 07:37:50
51,436,gift_card,succeeded,270.71,2024-01-31 05:30:48
52,4,gift_card,succeeded,123.3,2025-02-02 02:03:07
53,391,apple_pay,succeeded,31.77,2024-07-16 19:21:52
54,438,credit_card,succeeded,29.2,2025-06-24 01:39:41
55,151,gift_card,succeeded,223.94,2024-02-25 14:26:49
56,323,gift_card,succeeded,178.91,2025-03-29 20:26:40
57,374,paypal,succeeded,91.14,2024-01-18 15:28:28
58,201,debit_card,succeeded,283.45,2024-05-23 23:25:48
59,344,debit_card,succeeded,109.92,2025-07-22 02:47:55
60,321,apple_pay,pending,277.7,2024-06-13 18:44:59
61,394,paypal,succeeded,281.61,2025-06-30 08:04:12
62,233,debit_card,succeeded,48.47,2024-11-17 11:45:59
63,177,apple_pay,succeeded,167.96,2024-03-22 14:00:13
64,461,debit_card,succeeded,32.79,2024-06-16 00:24:07
65,217,debit_card,pending,294.07,2024-11-21 04:29:31
66,500,paypal,succeeded,65.21,2025-04-03 02:57:42
67,158,paypal,succeeded,220.54,2024-06-21 18:20:03
68,203,paypal,succeeded,292.19,2024-04-06 13:17:18
69,122,apple_pay,succeeded,82.54,2024-04-14 12:30:34
70,73,apple_pay,failed,154.9,2025-06-09 05:58:11
71,427,debit_card,succeeded,264.67,2025-08-26 17:52:11
72,100,paypal,succeeded,292.37,2024-06-24 18:34:21
73,252,gift_card,succeeded,229.78,2024-08-25 17:15:56
74,264,debit_card,succeeded,298.82,2025-02-22 00:21:14
75,231,credit_card,succeeded,213.82,2025-07-11 23:40:27
76,475,credit_card,succeeded,213.03,2025-02-16 15:15:57
77,400,debit_card,pending,14.48,2024-01-03 12:34:09
78,431,debit_card,succeeded,192.46,2024-12-01 21:10:05
79,348,paypal,succeeded,107.16,2025-04-03 03:43:16
80,77,credit_card,succeeded,233.33,2024-06-27 02:36:08
81,204,apple_pay,failed,286.92,2025-07-24 18:34:49
82,121,apple_pay,succeeded,167.14,2025-07-13 00:10:08
83,20,paypal,failed,285.91,2024-08-23 21:53:34
84,369,gift_card,failed,82.72,2024-10-25 20:08:19
85,173,gift_card,succeeded,192.56,2024-03-27 09:22:28
86,260,apple_pay,refunded,227.84,2024-02-06 22:41:28
87,473,debit_card,succeeded,167.75,2025-04-03 12:30:12
88,498,debit_card,succeeded,188.52,2024-10-08 12:49:04
89,33,apple_pay,succeeded,164.34,2025-01-28 17:09:54
90,469,apple_pay,succeeded,218.38,2024-06-06 04:20:33
91,253,credit_card,failed,164.32,2025-06-20 00:25:41
92,321,debit_card,succeeded,211.7,2024-01-31 21:57:55
93,200,apple_pay,failed,106.24,2025-04-12 18:02:01
94,86,paypal,pending,61.01,2024-12-16 11:17:16
95,269,apple_pay,succeeded,124.28,2024-05-23 11:52:52
96,96,debit_card,succeeded,48.6,2025-06-29 23:36:54
97,201,debit_card,pending,66.42,2025-08-09 03:21:25
98,41,paypal,succeeded,230.83,2025-05-09 05:58:21
99,496,gift_card,succeeded,284.36,2024-08-14 22:14:21
100,401,paypal,succeeded,259.53,2025-05-31 03:35:45
101,188,credit_card,refunded,151.99,2024-09-26 12:54:35
102,313,paypal,failed,234.17,2024-10-21 08:14:00
103,322,gift_card,succeeded,205.87,2025-06-08 18:04:59
104,468,apple_pay,succeeded,57.8,2024-07-22 16:53:45
105,121,paypal,failed,34.94,2025-01-07 06:25:19
106,151,apple_pay,succeeded,250.0,2024-07-26 03:13:46
107,318,debit_card,pending,148.0,2025-06-21 03:15:51
108,436,paypal,succeeded,288.34,2024-09-29 04:44:55
109,56,paypal,refunded,239.81,2024-02-06 11:11:29
110,271,credit_card,succeeded,161.88,2025-07-28 01:38:46
111,388,apple_pay,succeeded,114.69,2024-08-28 16:33:35
112,179,apple_pay,succeeded,49.69,2024-12-04 17:51:58
113,220,apple_pay,succeeded,104.09,2025-08-20 16:26:50
114,276,apple_pay,succeeded,260.15,2024-05-21 15:45:21
115,380,paypal,succeeded,108.47,2025-08-25 13:23:50
116,404,gift_card,succeeded,155.59,2024-11-07 19:58:07
117,416,apple_pay,refunded,17.36,2024-01-07 01:02:09
118,191,debit_card,succeeded,264.74,2024-03-15 07:08:41
119,453,credit_card,failed,261.86,2024-03-11 06:00:20
120,18,gift_card,succeeded,193.57,2025-07-22 23:11:43
121,156,paypal,pending,162.19,2025-01-27 12:37:39
122,252,debit_card,succeeded,256.6,2024-08-15 13:28:57
123,226,paypal,succeeded,53.41,2024-01-07 04:23:54
124,379,debit_card,pending,93.49,2024-03-12 16:13:51
125,363,gift_card,pending,40.7,2024-05-16 06:53:04
126,311,debit_card,pending,197.09,2024-11-08 19:05:03
127,5,credit_card,succeeded,130.46,2025-05-16 05:13:45
128,177,credit_card,succeeded,232.41,2025-02-17 16:45:05
129,91,debit_card,pending,149.22,2024-11-24 08:47:23
130,137,apple_pay,succeeded,54.88,2025-08-07 01:20:09
131,262,apple_pay,succeeded,200.73,2024-09-03 23:06:25
132,445,debit_card,failed,288.5,2025-04-25 05:04:29
133,102,apple_pay,failed,221.21,2025-08-01 20:37:11
134,475,credit_card,succeeded,60.04,2025-08-13 18:58:39
135,211,debit_card,refunded,222.51,2024-11-30 21:54:37
136,156,debit_card,succeeded,51.72,2024-06-19 10:41:23
137,126,gift_card,pending,166.65,2024-11-23 17:19:17
138,251,apple_pay,failed,265.93,2024-08-12 05:51:25
139,483,credit_card,succeeded,85.7,2024-09-16 18:51:49
140,367,credit_card,succeeded,139.58,2025-08-19 14:00:11
141,226,credit_card,succeeded,106.02,2025-09-02 14:48:33
142,369,credit_card,succeeded,215.3,2024-11-30 04:37:35
143,266,debit_card,succeeded,18.14,2024-04-10 04:50:23
144,405,credit_card,succeeded,60.25,2024-02-15 08:48:35
145,416,apple_pay,succeeded,156.72,2025-08-05 14:22:43
146,379,paypal,succeeded,113.64,2024-08-30 20:34:25
147,409,credit_card,succeeded,90.66,2024-11-05 07:59:24
148,418,gift_card,pending,176.42,2024-04-22 14:04:22
149,84,debit_card,pending,175.45,2024-04-05 00:49:09
150,86,gift_card,failed,202.56,2024-04-04 09:12:30
151,445,gift_card,succeeded,187.5,2024-07-20 00:36:26
152,43,debit_card,succeeded,154.96,2025-09-15 03:09:25
153,78,debit_card,succeeded,55.65,2025-04-16 13:29:48
154,28,credit_card,succeeded,226.35,2024-04-01 03:07:24
155,67,debit_card,succeeded,189.08,2024-02-02 14:08:46
156,381,gift_card,failed,280.4,2024-07-21 19:47:46
157,151,gift_card,succeeded,120.28,2024-08-01 17:00:42
158,334,paypal,failed,40.05,2024-10-15 05:06:05
159,405,gift_card,succeeded,191.35,2024-05-23 10:55:00
160,168,debit_card,succeeded,93.15,2024-05-11 00:53:52
161,359,paypal,refunded,111.49,2025-01-24 02:51:47
162,1,debit_card,failed,174.97,2024-12-19 04:49:44
163,422,credit_card,failed,76.37,2025-04-09 03:09:17
164,479,paypal,succeeded,166.5,2025-01-31 09:48:59
165,434,credit_card,succeeded,31.74,2024-06-08 00:09:30
166,217,credit_card,succeeded,56.97,2024-08-24 17:31:17
167,307,gift_card,succeeded,218.46,2024-03-28 13:27:55
168,212,debit_card,succeeded,259.4,2025-06-27 20:57:06
169,134,debit_card,pending,208.49,2024-01-08 07:44:45
170,17,debit_card,succeeded,14.89,2025-01-06 12:31:36
171,328,apple_pay,succeeded,268.98,2024-11-11 19:04:23
172,347,paypal,succeeded,133.3,2024-06-25 07:16:30
173,71,paypal,succeeded,10.79,2024-02-15 17:03:49
174,402,gift_card,succeeded,70.09,2025-02-26 17:14:06
175,142,credit_card,succeeded,132.9,2024-02-13 17:00:33
176,373,paypal,succeeded,52.96,2024-02-01 23:06:21
177,238,credit_card,succeeded,22.31,2025-04-08 03:15:03
178,118,paypal,succeeded,23.86,2024-10-21 11:33:17
179,103,apple_pay,succeeded,214.18,2024-01-26 00:36:27
180,273,gift_card,succeeded,139.58,2025-03-15 19:16:31
181,62,gift_card,succeeded,67.7,2024-07-24 19:25:10
182,471,apple_pay,pending,253.12,2025-02-07 13:52:09
183,300,credit_card,succeeded,250.9,2025-05-01 00:02:03
184,207,apple_pay,succeeded,100.07,2024-12-04 20:37:01
185,408,credit_card,succeeded,180.67,2025-04-23 03:58:16
186,384,paypal,succeeded,167.72,2025-07-19 02:52:45
187,359,paypal,succeeded,101.36,2024-03-08 10:50:11
188,313,gift_card,succeeded,244.27,2024-10-31 20:53:38
189,476,apple_pay,failed,163.46,2025-05-19 20:14:41
190,238,gift_card,succeeded,44.88,2025-02-28 12:38:35
191,53,apple_pay,pending,287.08,2024-06-01 06:31:18
192,249,apple_pay,succeeded,81.99,2024-06-27 10:27:11
193,353,gift_card,succeeded,182.59,2025-08-19 18:58:07
194,229,credit_card,succeeded,248.54,2024-09-27 05:56:27
195,490,debit_card,succeeded,145.51,2025-06-11 14:52:57
196,88,credit_card,succeeded,25.93,2024-06-11 21:42:42
197,412,paypal,succeeded,279.96,2025-07-12 02:15:23
198,385,gift_card,succeeded,182.69,2025-08-21 14:57:09
199,43,apple_pay,refunded,221.98,2025-07-04 16:40:37
200,476,gift_card,succeeded,247.9,2024-03-13 17:59:25
201,156,gift_card,succeeded,229.77,2025-04-07 11:33:32
202,120,gift_card,refunded,292.03,2025-01-17 14:59:00
203,32,credit_card,succeeded,23.58,2025-04-30 10:30:42
204,432,debit_card,pending,120.27,2024-03-28 09:38:25
205,332,credit_card,pending,158.16,2025-05-26 21:52:37
206,85,gift_card,succeeded,172.31,2025-05-31 04:29:46
207,297,apple_pay,succeeded,24.51,2024-02-14 18:22:14
208,133,credit_card,failed,132.82,2024-12-29 13:02:31
209,329,debit_card,succeeded,92.39,2025-07-20 17:14:21
210,182,credit_card,failed,143.47,2025-02-11 05:18:40
211,310,apple_pay,failed,92.08,2025-09-16 12:24:34
212,136,gift_card,succeeded,87.04,2025-06-07 09:09:04
213,79,gift_card,succeeded,121.92,2024-06-12 11:37:48
214,323,apple_pay,succeeded,168.55,2024-01-01 16:36:50
215,137,gift_card,succeeded,212.04,2024-08-21 19:02:56
216,133,apple_pay,succeeded,297.27,2025-06-23 14:38:36
217,12,gift_card,pending,35.86,2024-03-16 06:53:07
218,388,debit_card,succeeded,229.09,2025-09-06 20:52:10
219,448,debit_card,failed,41.31,2024-08-06 15:46:26
220,175,debit_card,refunded,22.7,2024-09-17 10:35:32
221,171,credit_card,pending,114.49,2024-10-12 09:31:09
222,316,credit_card,succeeded,198.58,2024-07-16 22:18:17
223,291,apple_pay,succeeded,28.32,2025-05-10 23:04:49
224,359,paypal,succeeded,176.24,2025-07-13 20:02:34
225,465,credit_card,pending,143.9,2025-07-18 04:06:17
226,139,apple_pay,succeeded,298.63,2024-08-19 10:39:11
227,321,apple_pay,pending,168.32,2025-09-23 21:34:39
228,128,gift_card,succeeded,189.38,2025-03-26 09:59:32
229,160,credit_card,succeeded,180.62,2024-11-17 21:03:07
230,70,gift_card,succeeded,26.99,2025-05-04 11:15:44
231,456,credit_card,succeeded,30.41,2024-03-21 13:43:46
232,427,gift_card,succeeded,233.67,2025-02-08 06:26:20
233,500,debit_card,succeeded,177.99,2024-12-01 11:38:03
234,4,credit_card,succeeded,200.26,2025-08-09 09:51:08
235,498,gift_card,succeeded,23.62,2025-01-20 12:43:55
236,463,gift_card,succeeded,135.09,2025-02-24 01:20:50
237,83,credit_card,pending,280.1,2024-11-18 13:55:23
238,227,paypal,succeeded,18.46,2025-04-06 09:49:20
239,99,gift_card,pending,18.38,2024-05-13 07:54:50
240,410,apple_pay,pending,237.15,2024-07-07 13:21:44
241,56,apple_pay,succeeded,185.06,2023-12-12 13:10:54
242,96,credit_card,succeeded,95.29,2025-04-07 13:56:30
243,243,paypal,succeeded,231.5,2025-09-19 02:24:01
244,91,paypal,failed,38.98,2025-01-16 16:52:16
245,265,apple_pay,refunded,11.77,2025-07-03 00:06:30
246,203,apple_pay,failed,297.57,2024-05-10 06:55:05
247,305,paypal,succeeded,237.82,2024-01-14 08:28:08
248,210,paypal,pending,195.19,2025-03-11 02:09:46
249,85,credit_card,succeeded,82.86,2025-05-05 10:14:27
250,302,apple_pay,pending,164.36,2025-04-17 17:22:52
251,189,paypal,pending,60.7,2024-05-10 03:42:35
252,120,gift_card,succeeded,83.43,2024-10-01 01:02:43
253,131,paypal,succeeded,92.71,2025-04-23 10:47:09
254,433,credit_card,succeeded,283.89,2024-06-06 22:28:18
255,315,apple_pay,succeeded,190.03,2024-03-27 14:28:57
256,392,debit_card,succeeded,95.11,2024-06-19 15:10:01
257,427,gift_card,succeeded,208.67,2024-03-15 15:22:45
258,278,credit_card,pending,29.51,2025-01-31 07:52:02
259,366,debit_card,succeeded,186.58,2024-08-23 10:46:34
260,75,paypal,succeeded,76.54,2024-08-23 09:00:02
261,442,credit_card,succeeded,217.4,2025-02-09 14:30:32
262,464,credit_card,pending,110.15,2024-06-25 08:16:16
263,490,paypal,succeeded,133.97,2025-06-28 06:52:34
264,353,credit_card,succeeded,189.67,2025-04-06 22:50:35
265,329,paypal,succeeded,182.77,2024-05-30 17:29:32
266,131,gift_card,failed,243.13,2025-08-04 18:27:37
267,398,debit_card,pending,231.66,2025-09-05 01:19:20
268,360,debit_card,pending,40.35,2025-04-05 21:08:16
269,19,credit_card,pending,296.08,2025-07-07 23:24:45
270,138,debit_card,pending,251.18,2024-08-19 18:28:10
271,122,gift_card,failed,53.77,2024-04-25 20:42:35
272,201,debit_card,pending,174.31,2024-06-25 16:55:32
273,365,gift_card,succeeded,71.51,2024-05-29 03:02:52
274,95,debit_card,succeeded,10.61,2024-03-05 22:33:24
275,195,credit_card,succeeded,18.64,2025-09-03 21:55:35
276,347,apple_pay,failed,45.29,2025-07-14 02:52:18
277,197,credit_card,succeeded,276.01,2024-08-28 17:18:59
278,125,credit_card,succeeded,228.98,2025-05-09 08:26:50
279,439,gift_card,succeeded,66.55,2024-11-12 13:55:37
280,347,credit_card,succeeded,67.58,2024-01-18 14:53:48
281,94,credit_card,succeeded,246.52,2024-12-03 23:37:24
282,39,paypal,succeeded,209.82,2025-03-22 13:57:42
283,138,credit_card,succeeded,272.45,2025-02-06 11:19:55
284,47,debit_card,refunded,10.46,2025-04-02 17:20:06
285,419,gift_card,succeeded,189.4,2024-02-12 16:39:00
286,288,debit_card,succeeded,168.99,2024-10-28 17:09:24
287,291,gift_card,succeeded,56.2,2025-09-13 14:50:00
288,277,apple_pay,succeeded,160.81,2025-08-02 03:30:33
289,339,apple_pay,failed,31.07,2024-02-01 11:51:37
290,186,apple_pay,pending,175.11,2025-01-21 00:44:38
291,12,credit_card,succeeded,265.54,2025-01-02 14:54:40
292,287,debit_card,succeeded,97.79,2024-03-21 17:54:00
293,460,gift_card,succeeded,50.37,2024-03-15 14:23:21
294,498,credit_card,succeeded,142.51,2024-04-02 21:47:08
295,198,gift_card,succeeded,31.64,2025-07-08 21:51:53
296,75,paypal,succeeded,216.7,2025-02-16 04:27:17
297,73,gift_card,pending,106.94,2025-08-24 02:28:03
298,452,paypal,failed,116.27,2024-05-15 03:52:35
299,151,paypal,succeeded,252.15,2024-11-22 13:49:32
300,433,gift_card,succeeded,254.92,2025-01-10 15:53:00
301,10,credit_card,succeeded,125.8,2024-12-16 13:17:03
302,109,debit_card,succeeded,260.71,2024-06-30 16:10:58
303,168,paypal,succeeded,35.8,2025-06-16 20:58:52
304,83,paypal,failed,79.71,2024-05-19 13:04:24
305,278,paypal,succeeded,29.11,2024-12-25 17:41:44
306,31,credit_card,succeeded,117.82,2024-01-02 19:11:54
307,414,credit_card,refunded,200.51,2024-11-18 05:27:05
308,23,paypal,succeeded,246.91,2025-03-27 01:52:36
309,23,credit_card,succeeded,244.8,2023-09-05 08:57:44
310,425,credit_card,pending,176.46,2024-11-15 17:45:20
311,117,debit_card,failed,161.35,2025-02-27 18:35:36
312,440,apple_pay,succeeded,182.6,2024-10-12 15:49:07
313,376,credit_card,refunded,239.98,2025-06-11 04:30:12
314,416,gift_card,succeeded,271.49,2024-03-13 01:16:21
315,181,gift_card,succeeded,126.95,2024-07-06 02:29:57
316,498,paypal,succeeded,161.97,2024-09-04 10:55:58
317,272,credit_card,succeeded,89.17,2025-07-12 13:02:47
318,100,gift_card,succeeded,297.02,2024-09-14 09:59:34
319,281,paypal,refunded,102.2,2024-08-21 12:58:51
320,497,paypal,succeeded,49.99,2024-02-18 10:21:03
321,228,paypal,failed,124.11,2025-04-04 19:21:22
322,492,apple_pay,succeeded,173.73,2024-01-10 19:02:34
323,462,paypal,succeeded,153.08,2024-11-12 23:01:42
324,53,debit_card,succeeded,34.17,2024-04-12 14:49:32
325,49,gift_card,refunded,15.54,2024-12-02 09:45:28
326,28,debit_card,succeeded,16.9,2025-09-27 11:58:14
327,471,paypal,succeeded,34.12,2024-06-30 00:57:05
328,94,apple_pay,pending,237.63,2025-08-02 11:55:03
329,441,apple_pay,failed,212.89,2024-02-21 02:20:07
330,442,debit_card,pending,110.64,2025-08-25 08:28:40
331,174,credit_card,succeeded,22.71,2025-05-19 03:48:28
332,433,debit_card,succeeded,169.72,2024-12-28 22:47:37
333,330,credit_card,pending,203.26,2024-03-08 01:00:25
334,347,gift_card,succeeded,98.18,2024-01-13 06:44:57
335,2,paypal,succeeded,281.93,2024-08-07 13:02:32
336,498,paypal,succeeded,167.4,2025-09-20 03:14:41
337,316,gift_card,pending,288.35,2025-01-02 11:48:48
338,192,gift_card,succeeded,23.25,2025-02-01 02:02:03
339,250,gift_card,pending,13.78,2024-01-20 12:36:27
340,466,gift_card,succeeded,168.55,2025-03-25 15:16:02
341,459,debit_card,refunded,155.28,2024-05-08 22:56:13
342,292,paypal,succeeded,212.68,2025-01-18 07:01:00
343,235,apple_pay,failed,255.49,2024-12-08 10:00:13
344,179,credit_card,succeeded,71.63,2025-01-23 10:16:08
345,95,paypal,succeeded,165.8,2024-07-07 18:03:40
346,485,gift_card,failed,53.34,2024-08-14 09:21:54
347,8,credit_card,succeeded,196.51,2025-03-07 21:02:22
348,327,gift_card,succeeded,130.06,2024-09-16 07:00:09
349,60,credit_card,succeeded,138.78,2024-05-19 19:59:00
350,348,paypal,refunded,277.82,2025-04-12 10:48:56
351,285,gift_card,succeeded,258.59,2024-07-09 02:10:37
352,395,apple_pay,succeeded,124.62,2024-08-24 07:26:42
353,92,credit_card,pending,51.02,2025-01-13 11:33:11
354,237,apple_pay,pending,211.52,2024-05-09 00:58:28
355,411,paypal,pending,75.44,2025-07-17 00:11:12
356,491,debit_card,succeeded,240.63,2024-06-24 02:22:58
357,403,credit_card,succeeded,273.86,2024-01-05 21:23:36
358,55,credit_card,succeeded,71.32,2025-01-15 10:35:35
359,302,paypal,succeeded,144.49,2025-04-26 05:45:44
360,285,gift_card,succeeded,24.6,2024-12-13 07:30:34
361,359,gift_card,pending,29.48,2025-01-19 19:09:32
362,246,debit_card,pending,90.07,2024-11-14 01:42:06
363,71,debit_card,failed,148.26,2024-01-02 01:11:35
364,151,gift_card,succeeded,278.72,2024-08-22 04:42:09
365,46,paypal,succeeded,296.35,2024-08-04 23:08:59
366,269,credit_card,succeeded,292.44,2025-01-03 18:38:45
367,6,debit_card,failed,223.09,2024-05-10 01:40:13
368,142,debit_card,succeeded,48.05,2025-03-25 15:22:54
369,357,credit_card,succeeded,218.18,2024-02-12 04:32:05
370,454,credit_card,succeeded,124.8,2024-01-03 21:52:03
371,407,gift_card,succeeded,250.17,2025-04-12 14:22:25
372,50,gift_card,succeeded,48.29,2024-03-13 21:01:41
373,307,credit_card,succeeded,266.2,2024-03-16 15:19:24
374,21,debit_card,succeeded,287.18,2024-08-11 03:50:01
375,432,gift_card,pending,29.4,2025-01-31 12:10:09
376,411,debit_card,pending,131.74,2024-01-15 16:03:23
377,454,paypal,refunded,131.13,2025-02-06 14:48:56
378,197,debit_card,failed,279.66,2024-03-27 18:32:51
379,186,credit_card,succeeded,93.21,2024-09-17 09:41:02
380,221,apple_pay,refunded,208.61,2025-09-11 06:45:14
381,177,credit_card,succeeded,185.31,2024-06-20 14:12:08
382,198,debit_card,succeeded,251.87,2024-03-31 09:09:16
383,211,debit_card,pending,224.26,2025-07-22 22:20:17
384,52,gift_card,pending,194.51,2024-02-10 17:47:31
385,305,gift_card,succeeded,190.6,2025-02-21 04:40:15
386,465,credit_card,succeeded,175.56,2025-01-24 08:14:12
387,413,debit_card,pending,218.85,2024-10-15 14:11:56
388,30,paypal,succeeded,75.22,2024-09-23 06:52:02
389,124,credit_card,succeeded,251.99,2025-06-25 15:25:01
390,369,paypal,succeeded,145.4,2025-02-03 22:36:43
391,170,apple_pay,succeeded,216.51,2024-10-01 23:49:57
392,172,debit_card,succeeded,79.58,2025-01-14 18:30:54
393,198,gift_card,failed,120.87,2024-03-06 13:13:57
394,41,debit_card,succeeded,117.28,2025-07-02 22:58:00
395,474,gift_card,pending,98.84,2024-03-30 10:11:48
396,74,paypal,failed,117.65,2025-01-25 12:19:54
397,58,debit_card,succeeded,262.33,2024-10-09 04:15:23
398,302,credit_card,succeeded,121.59,2024-10-19 01:42:16
399,299,debit_card,succeeded,270.21,2025-03-01 03:19:49
400,159,debit_card,failed,26.19,2025-08-03 13:14:42
401,116,credit_card,refunded,207.39,2024-01-19 00:34:41
402,63,apple_pay,pending,248.37,2024-06-20 04:59:07
403,374,gift_card,succeeded,275.68,2025-07-24 08:20:10
404,418,paypal,failed,61.1,2025-06-01 14:16:17
405,334,apple_pay,succeeded,154.19,2024-06-16 20:59:52
406,355,gift_card,succeeded,109.02,2024-05-31 07:57:28
407,68,gift_card,succeeded,207.77,2023-05-23 01:41:52
408,24,paypal,pending,245.96,2025-07-03 02:01:59
409,167,gift_card,succeeded,23.23,2024-01-26 04:30:54
410,374,debit_card,succeeded,64.03,2025-04-19 21:54:12
411,14,gift_card,succeeded,290.62,2024-05-06 06:48:25
412,322,credit_card,succeeded,57.7,2024-02-05 06:07:12
413,178,paypal,failed,160.25,2025-02-04 05:58:46
414,331,debit_card,succeeded,193.04,2025-05-11 07:22:08
415,495,gift_card,succeeded,269.04,2024-08-06 07:09:10
416,355,apple_pay,succeeded,188.63,2023-07-06 15:44:44
417,425,debit_card,failed,75.4,2024-08-20 13:27:05
418,498,credit_card,succeeded,36.58,2024-02-20 17:29:02
419,200,gift_card,succeeded,288.29,2025-06-01 05:53:54
420,20,credit_card,succeeded,46.16,2025-02-09 03:22:41
421,422,gift_card,succeeded,289.2,2025-07-27 20:11:45
422,440,apple_pay,succeeded,254.13,2025-03-21 22:48:16
423,133,apple_pay,succeeded,104.05,2024-09-25 04:09:13
424,494,debit_card,refunded,294.92,2024-05-25 05:58:45
425,325,credit_card,failed,94.69,2024-06-06 11:35:42
426,290,debit_card,failed,202.85,2024-07-07 05:46:22
427,194,debit_card,pending,189.2,2024-12-11 06:23:41
428,200,debit_card,pending,194.28,2025-05-05 07:04:54
429,273,credit_card,succeeded,208.27,2025-05-18 08:06:52
430,249,paypal,succeeded,172.08,2024-11-08 03:41:35
431,7,credit_card,succeeded,121.76,2025-02-14 21:03:32
432,340,apple_pay,succeeded,250.17,2025-04-29 21:23:24
433,375,paypal,failed,23.06,2024-11-22 08:36:04
434,480,credit_card,succeeded,134.15,2024-10-01 02:04:36
435,345,paypal,succeeded,88.77,2025-08-06 21:05:36
436,304,debit_card,succeeded,140.75,2025-05-23 11:51:11
437,412,credit_card,pending,15.27,2024-06-21 13:10:42
438,319,apple_pay,succeeded,221.4,2024-04-01 04:19:04
439,293,debit_card,failed,134.7,2025-09-27 12:29:34
440,233,apple_pay,succeeded,286.92,2025-04-30 06:04:10
441,458,apple_pay,succeeded,241.39,2024-07-08 04:28:41
442,392,credit_card,succeeded,108.34,2025-08-13 16:34:39
443,279,apple_pay,succeeded,253.79,2024-07-31 20:43:36
444,358,paypal,succeeded,184.76,2025-01-26 10:19:12
445,263,gift_card,succeeded,62.69,2024-05-07 04:02:10
446,36,paypal,pending,234.63,2025-05-12 12:17:18
447,234,paypal,succeeded,216.18,2024-01-02 04:26:35
448,157,paypal,succeeded,231.13,2025-05-23 12:19:36
449,231,paypal,pending,35.82,2024-07-25 12:56:22
450,18,paypal,pending,19.58,2025-02-20 07:22:20
451,241,debit_card,succeeded,224.34,2024-10-05 18:27:39
452,238,apple_pay,succeeded,265.99,2025-08-02 20:22:08
453,195,debit_card,succeeded,24.37,2023-07-08 11:07:10
454,271,debit_card,succeeded,205.58,2025-03-12 09:15:05
455,315,paypal,pending,190.02,2025-07-27 18:48:21
456,179,paypal,succeeded,136.04,2024-11-01 10:48:16
457,483,paypal,failed,99.14,2024-09-20 02:50:57
458,63,apple_pay,succeeded,185.01,2024-09-07 19:15:53
459,440,paypal,succeeded,140.76,2024-08-19 18:56:17
460,136,credit_card,succeeded,206.05,2025-07-28 05:09:14
461,169,gift_card,succeeded,185.58,2025-05-03 23:59:13
462,343,gift_card,succeeded,265.88,2025-08-19 08:06:15
463,496,credit_card,refunded,230.47,2025-04-01 04:03:44
464,441,apple_pay,failed,148.89,2024-11-04 16:22:12
465,364,apple_pay,succeeded,147.06,2025-08-22 04:54:49
466,126,credit_card,succeeded,90.66,2025-03-19 09:24:59
467,371,gift_card,succeeded,25.84,2024-01-29 04:57:47
468,55,debit_card,failed,69.17,2025-04-17 10:54:25
469,271,gift_card,succeeded,105.92,2024-12-11 20:43:53
470,2,gift_card,pending,291.55,2024-03-21 18:39:13
471,134,paypal,succeeded,64.85,2024-12-01 12:24:14
472,115,gift_card,succeeded,23.94,2024-07-28 09:56:11
473,209,debit_card,pending,224.85,2024-02-04 07:12:19
474,94,paypal,succeeded,200.25,2024-01-20 09:14:42
475,297,apple_pay,succeeded,211.01,2025-02-09 17:53:01
476,406,paypal,failed,270.18,2025-08-05 08:24:48
477,26,debit_card,pending,199.61,2025-05-13 14:56:18
478,135,debit_card,refunded,97.61,2024-11-22 01:09:14
479,406,paypal,pending,57.38,2025-07-26 19:17:27
480,93,apple_pay,failed,221.65,2024-06-12 06:12:08
481,79,gift_card,failed,12.7,2024-01-17 04:21:25
482,56,debit_card,succeeded,12.89,2024-01-23 07:12:16
483,226,credit_card,failed,45.63,2025-03-14 14:23:59
484,225,apple_pay,succeeded,148.73,2025-09-16 11:48:52
485,461,credit_card,succeeded,196.11,2024-08-03 01:05:57
486,119,gift_card,succeeded,84.91,2025-05-14 05:15:01
487,367,debit_card,succeeded,166.65,2025-04-14 02:51:37
488,409,credit_card,succeeded,218.13,2024-06-16 21:51:08
489,452,paypal,succeeded,246.15,2025-02-27 08:42:56
490,374,credit_card,pending,148.12,2025-05-22 10:52:16
491,319,gift_card,pending,63.03,2024-09-27 01:24:23
492,117,gift_card,pending,137.8,2025-04-25 20:09:21
493,477,credit_card,succeeded,101.83,2024-02-11 18:50:44
494,202,gift_card,succeeded,83.87,2025-06-03 23:47:09
495,249,debit_card,succeeded,140.9,2024-03-19 05:06:08
496,25,credit_card,succeeded,290.14,2024-02-12 07:44:22
497,284,apple_pay,pending,225.4,2024-02-21 21:58:57
498,38,apple_pay,pending,260.26,2025-05-11 09:44:02
499,478,debit_card,succeeded,112.23,2025-08-24 19:39:16
500,92,gift_card,succeeded,266.87,2024-04-22 15:06:11
