customer_id,first_name,last_name,email,signup_date,country,city
1,Kian,Khan,kian.khan4@example.com,2022-07-29,CA,Toronto
2,Zoe,Rizzo,zoe.rizzo70@example.com,2023-03-24,FR,Paris
3,Noah,Diaz,noah.diaz78@example.com,2025-08-23,,
4,Theo,Park,theo.park54@example.com,2022-01-14,ZA,Cape Town
5,Reza,Fischer,reza.fischer90@example.com,2023-11-21,AU,Sydney
6,Luca,Rossi,luca.rossi49@example.com,2022-03-30,DE,Hamburg
7,Jude,Costa,jude.costa69@example.com,2025-07-11,FR,Paris
8,Ines,Bauer,ines.bauer74@example.com,2023-08-16,UK,London
9,Nina,Johansson,nina.johansson13@example.com,2022-11-30,JP,Kyoto
10,Amara,Hassan,amara.hassan27@example.com,2023-05-17,UK,Manchester
11,Mateo,Costa,mateo.costa49@example.com,2022-04-25,BR,Sao Paulo
12,Noah,Garcia,noah.garcia41@example.com,2025-03-07,UK,Manchester
13,Anya,Suzuki,anya.suzuki28@example.com,2023-06-27,FR,Marseille
14,Diego,Yamamoto,diego.yamamoto96@example.com,2025-04-10,AU,Brisbane
15,Maya,Bauer,maya.bauer29@example.com,2022-04-07,IN,Chennai
16,Yara,Novak,yara.novak81@example.com,2024-02-21,FR,Marseille
17,Ezra,Costa,ezra.costa68@example.com,2022-08-23,BR,Sao Paulo
18,Zoe,Park,zoe.park97@example.com,2022-11-20,DE,Berlin
19,Sana,Patel,sana.patel93@example.com,2024-11-05,AU,Brisbane
20,Luca,Tanaka,luca.tanaka39@example.com,2024-02-05,BR,Brasilia
21,Reza,Fischer,reza.fischer70@example.com,2022-02-09,US,Seattle
22,Yara,Bauer,yara.bauer40@example.com,2024-09-22,ZA,Johannesburg
23,Omar,Kaur,omar.kaur69@example.com,2024-12-16,JP,Kyoto
24,Ezra,Muller,ezra.muller28@example.com,2025-10-07,CA,Montreal
25,Nora,Bauer,nora.bauer57@example.com,2022-02-13,CA,Toronto
26,Rania,Sousa,rania.sousa30@example.com,2022-05-01,,
27,Noah,Kim,noah.kim5@example.com,2023-03-15,CA,Vancouver
28,Arjun,Silva,arjun.silva93@example.com,2024-04-13,JP,Tokyo
29,Ivan,Dubois,ivan.dubois13@example.com,2022-04-21,FR,Lyon
30,Zoe,Lund,zoe.lund83@example.com,2023-01-25,DE,Berlin
31,Arjun,Reyes,arjun.reyes18@example.com,2025-02-01,CA,Toronto
32,Luca,Smith,luca.smith84@example.com,2024-09-21,UK,Manchester
33,Finn,Haddad,finn.haddad52@example.com,2024-07-20,US,Austin
34,Hassan,Muller,hassan.muller90@example.com,2022-11-14,BR,Brasilia
35,Ivan,Mendoza,ivan.mendoza28@example.com,2022-04-28,BR,Sao Paulo
36,Sofia,Oduya,sofia.oduya62@example.com,2022-06-14,IN,Mumbai
37,Zara,Kim,zara.kim77@example.com,2025-03-12,FR,Paris
38,Ava,Oduya,ava.oduya77@example.com,2023-06-19,ZA,Durban
39,Leila,Flores,leila.flores92@example.com,2022-05-29,IN,Delhi
40,Alex,Costa,alex.costa80@example.com,2022-09-29,UK,Manchester
41,Kai,Kim,kai.kim32@example.com,2025-09-01,BR,Brasilia
42,Lia,Patel,lia.patel86@example.com,2022-08-08,UK,Manchester
43,Maren,Sousa,maren.sousa20@example.com,2023-06-25,DE,Berlin
44,Tomas,Nakamura,tomas.nakamura33@example.com,2022-04-01,UK,Bristol
45,Alex,Marques,alex.marques99@example.com,2024-05-25,IN,Hyderabad
46,Hana,Patel,hana.patel15@example.com,2024-01-27,IN,Chennai
47,Rania,Sousa,rania.sousa19@example.com,2023-03-07,DE,Berlin
48,Zoe,Yamamoto,zoe.yamamoto86@example.com,2023-04-30,FR,Marseille
49,Mateo,Okafor,mateo.okafor53@example.com,2023-05-24,DE,Munich
50,Mei,Fischer,mei.fischer90@example.com,2024-07-31,JP,Tokyo
51,Kai,Kowalski,kai.kowalski30@example.com,2022-05-23,FR,Lyon
52,Lila,Petrov,lila.petrov45@example.com,2022-08-25,BR,Rio de Janeiro
53,Ravi,Okafor,ravi.okafor75@example.com,2023-10-05,UK,Bristol
54,Fatima,Castillo,fatima.castillo66@example.com,2024-06-12,CA,Vancouver
55,Alex,Weber,alex.weber69@example.com,2025-09-22,CA,Vancouver
56,Isla,Ahmed,isla.ahmed41@example.com,2024-04-16,AU,Brisbane
57,Thabo,Sato,thabo.sato90@example.com,2025-10-19,FR,Marseille
58,Maren,Okafor,maren.okafor79@example.com,2024-05-30,US,San Francisco
59,Rania,Castillo,rania.castillo84@example.com,2022-12-14,CA,Montreal
60,Cyrus,Rossi,cyrus.rossi37@example.com,2023-04-27,DE,Berlin
61,Zoe,Kowalski,zoe.kowalski29@example.com,2025-06-05,US,Chicago
62,Lila,Kim,lila.kim59@example.com,2024-10-09,CA,Montreal
63,Maya,Yamamoto,maya.yamamoto19@example.com,2022-08-07,,
64,Lila,Muller,lila.muller29@example.com,2023-05-26,BR,Rio de Janeiro
65,Yara,Costa,yara.costa18@example.com,2024-06-25,BR,Brasilia
66,Ines,Ortega,ines.ortega65@example.com,2024-08-30,JP,Tokyo
67,Henri,Okonkwo,henri.okonkwo97@example.com,2023-07-17,BR,Rio de Janeiro
68,Henri,Kim,henri.kim92@example.com,2022-11-05,DE,Hamburg
69,Noah,Lefevre,noah.lefevre89@example.com,2024-08-12,FR,Lyon
70,Oliver,Smith,oliver.smith27@example.com,2025-03-25,ZA,Durban
71,Jonas,Ivanov,jonas.ivanov1@example.com,2025-01-23,FR,Lyon
72,Ezra,Johansson,ezra.johansson63@example.com,2025-10-22,US,Austin
73,Maya,Ortega,maya.ortega22@example.com,2024-03-17,ZA,Durban
74,Rania,Jensen,rania.jensen85@example.com,2023-06-17,IN,Hyderabad
75,Jonas,Suzuki,jonas.suzuki28@example.com,2024-05-13,FR,Lyon
76,Ravi,Rossi,OLIVER.SMITH27@EXAMPLE.COM,2025-08-27,DE,Berlin
77,Chen,Kaur,chen.kaur4@example.com,2022-09-16,US,Seattle
78,Finn,Flores,finn.flores15@example.com,2025-05-28,AU,Melbourne
79,Maren,Berg,maren.berg15@example.com,2023-10-01,AU,Sydney
80,Milo,Petit,milo.petit49@example.com,2023-09-10,UK,Manchester
81,Zoe,Castillo,zoe.castillo16@example.com,2025-09-16,US,San Francisco
82,Amara,Kim,amara.kim65@example.com,2024-09-30,,
83,Luca,Muller,luca.muller47@example.com,2024-12-04,IN,Hyderabad
84,Nora,Petrov,nora.petrov79@example.com,2025-04-28,JP,Osaka
85,Mei,Suzuki,mei.suzuki32@example.com,2025-03-13,JP,Tokyo
86,Ines,Flores,ines.flores49@example.com,2023-12-28,DE,Berlin
87,Ravi,Marques,ravi.marques36@example.com,2023-01-27,AU,Brisbane
88,Nina,Yamamoto,nina.yamamoto93@example.com,2025-12-28,CA,Montreal
89,Nia,Reyes,nia.reyes3@example.com,2024-01-26,CA,Vancouver
90,Finn,Sousa,finn.sousa68@example.com,2024-07-18,BR,Rio de Janeiro
91,Mei,Kowalski,mei.kowalski33@example.com,2025-11-14,DE,Berlin
92,Zara,Rao,zara.rao28@example.com,2022-07-25,ZA,Durban
93,Ivan,Mendoza,ivan.mendoza30@example.com,2022-04-22,BR,Sao Paulo
94,Hana,Mendoza,hana.mendoza90@example.com,2025-03-21,JP,Tokyo
95,Hassan,Ivanov,hassan.ivanov62@example.com,2024-09-05,US,San Francisco
96,Yara,Kim,yara.kim52@example.com,2025-02-26,US,Chicago
97,Elena,Rossi,elena.rossi32@example.com,2023-04-08,ZA,Durban
98,Lila,Weber,lila.weber49@example.com,2025-06-25,ZA,Cape Town
99,Sofia,Ahmed,sofia.ahmed95@example.com,2022-11-18,CA,Vancouver
100,Ava,Okafor,ava.okafor71@example.com,2025-05-01,,
101,Finn,Mendoza,finn.mendoza5@example.com,2023-06-26,JP,Tokyo
102,Kian,Oduya,kian.oduya85@example.com,2023-06-29,UK,Manchester
103,Aiko,Kim,aiko.kim8@example.com,2024-08-17,ZA,Cape Town
104,Theo,Kowalski,theo.kowalski90@example.com,2025-05-09,BR,Rio de Janeiro
105,Chen,Muller,chen.muller95@example.com,2025-03-24,UK,Manchester
106,Rania,Nguyen,rania.nguyen98@example.com,2025-08-27,US,Chicago
107,Henri,Petrov,henri.petrov24@example.com,2024-04-16,JP,Tokyo
108,Isla,Suzuki,isla.suzuki86@example.com,2025-09-18,FR,Marseille
109,Maya,Kaur,maya.kaur71@example.com,2024-04-07,AU,Melbourne
110,Tomas,Patel,tomas.patel85@example.com,2025-06-29,US,Chicago
111,Reza,Nakamura,reza.nakamura81@example.com,2023-08-13,AU,Brisbane
112,Henri,Nair,henri.nair63@example.com,2023-09-29,ZA,Johannesburg
113,Hana,Patel,hana.patel71@example.com,2025-08-19,UK,Bristol
114,Aiko,Nakamura,aiko.nakamura92@example.com,2023-05-15,FR,Lyon
115,Sana,Sousa,sana.sousa19@example.com,2022-05-23,BR,Brasilia
116,Mei,Larsen,mei.larsen54@example.com,2023-09-04,AU,Sydney
117,Rania,Oduya,rania.oduya85@example.com,2025-02-04,BR,Rio de Janeiro
118,Reza,Park,reza.park49@example.com,2024-02-24,CA,Montreal
119,Noah,Larsen,noah.larsen53@example.com,2025-08-28,FR,Lyon
120,Aiko,Nakamura,aiko.nakamura5@example.com,2024-06-20,DE,Berlin
121,Luca,Weber,SANA.PATEL93@EXAMPLE.COM,2023-06-27,IN,Mumbai
122,Isla,Ahmed,isla.ahmed89@example.com,2024-02-18,DE,Hamburg
123,Thabo,Tanaka,thabo.tanaka92@example.com,2023-04-26,BR,Sao Paulo
124,Kian,Petit,kian.petit37@example.com,2025-12-12,FR,Paris
125,Luca,Reyes,luca.reyes22@example.com,2023-08-24,US,San Francisco
126,Kai,Bauer,kai.bauer56@example.com,2022-12-15,ZA,Durban
127,Zara,Rossi,zara.rossi79@example.com,2022-10-21,CA,Vancouver
128,Noah,Costa,noah.costa82@example.com,2025-10-19,US,Austin
129,Arjun,Fischer,arjun.fischer10@example.com,2024-05-18,ZA,Cape Town
130,Theo,Okonkwo,theo.okonkwo59@example.com,2024-02-21,FR,Lyon
131,Milo,Hassan,milo.hassan74@example.com,2025-03-05,US,Austin
132,Zoe,Larsen,zoe.larsen96@example.com,2023-04-17,JP,Osaka
133,Ezra,Hassan,ezra.hassan29@example.com,2025-08-16,IN,Mumbai
134,Chen,Kowalski,chen.kowalski57@example.com,2023-11-01,IN,Mumbai
135,Maren,Baig,maren.baig23@example.com,2023-07-13,DE,Hamburg
136,Mateo,Okonkwo,mateo.okonkwo62@example.com,2022-06-04,DE,Berlin
137,Aiko,Kaur,aiko.kaur29@example.com,2024-03-19,FR,Marseille
138,Alex,Okonkwo,alex.okonkwo69@example.com,2025-07-31,AU,Brisbane
139,Amara,Dubois,amara.dubois87@example.com,2025-02-23,,
140,Thabo,Ahmed,thabo.ahmed29@example.com,2024-04-16,JP,Kyoto
141,Yara,Silva,yara.silva6@example.com,2025-01-05,JP,Tokyo
142,Diego,Lefevre,diego.lefevre59@example.com,2022-11-13,BR,Rio de Janeiro
143,Oliver,Lund,oliver.lund13@example.com,2023-03-21,AU,Sydney
144,Henri,Reyes,henri.reyes31@example.com,2025-08-13,DE,Hamburg
145,Kai,Smith,kai.smith51@example.com,2025-08-07,JP,Tokyo
146,Kian,Castillo,kian.castillo3@example.com,2025-02-09,IN,Chennai
147,Leila,Oduya,leila.oduya28@example.com,2026-12-19,IN,Chennai
148,Diego,Park,diego.park33@example.com,2023-05-03,US,Chicago
149,Rania,Suzuki,rania.suzuki3@example.com,2022-05-11,FR,Marseille
150,Finn,Reyes,finn.reyes47@example.com,2022-03-30,BR,Sao Paulo
151,Jude,Flores,jude.flores67@example.com,2024-04-02,US,New York
152,Fatima,Petit,fatima.petit14@example.com,2022-10-31,UK,London
153,Omar,Silva,omar.silva36@example.com,2024-12-22,DE,Munich
154,Hassan,Costa,hassan.costa65@example.com,2023-04-13,UK,Manchester
155,Oliver,Marques,oliver.marques59@example.com,2023-06-07,DE,Munich
156,Amara,Novak,amara.novak88@example.com,2024-02-03,UK,London
157,Diego,Sousa,diego.sousa8@example.com,2023-12-26,DE,Hamburg
158,Cyrus,Kaur,cyrus.kaur55@example.com,2022-08-01,AU,Brisbane
159,Milo,Diaz,milo.diaz28@example.com,2024-01-23,UK,Edinburgh
160,Yara,Kaur,yara.kaur36@example.com,2025-08-09,BR,Brasilia
161,Hana,Nguyen,hana.nguyen78@example.com,2025-12-10,AU,Sydney
162,Reza,Kowalski,reza.kowalski44@example.com,2022-05-23,IN,Chennai
163,Aiko,Rizzo,aiko.rizzo82@example.com,2024-07-18,BR,Sao Paulo
164,Isla,Fischer,isla.fischer48@example.com,2022-04-18,ZA,Durban
165,Aiko,Fischer,aiko.fischer97@example.com,2024-09-21,AU,Melbourne
166,Ezra,Reyes,ezra.reyes54@example.com,2023-08-04,UK,Edinburgh
167,Zoe,Petit,zoe.petit76@example.com,2025-05-12,US,Chicago
168,Sofia,Patel,sofia.patel27@example.com,2022-09-03,IN,Delhi
169,Alex,Nakamura,alex.nakamura96@example.com,2025-02-18,BR,Brasilia
170,Cyrus,Hassan,cyrus.hassan10@example.com,2022-06-09,FR,Paris
171,Thabo,Jensen,thabo.jensen55@example.com,2022-02-12,FR,Lyon
172,Thabo,Fischer,thabo.fischer80@example.com,2022-08-05,DE,Berlin
173,Ava,Muller,ava.muller76@example.com,2023-11-14,AU,Brisbane
174,Lila,Fischer,lila.fischer10@example.com,2023-12-17,BR,Sao Paulo
175,Kai,Ortega,kai.ortega83@example.com,2025-05-18,IN,Delhi
176,Aiko,Kaur,aiko.kaur98@example.com,2025-04-01,JP,Osaka
177,Henri,Petit,henri.petit73@example.com,2024-06-19,DE,Hamburg
178,Omar,Ivanov,omar.ivanov57@example.com,2022-06-01,ZA,Johannesburg
179,Elena,Costa,elena.costa58@example.com,2022-07-04,AU,Sydney
180,Ines,Castillo,ines.castillo65@example.com,2025-03-16,US,Austin
181,Nora,Rao,nora.rao42@example.com,2023-12-05,US,Austin
182,Anya,Rossi,anya.rossi65@example.com,2025-06-02,JP,Osaka
183,Mateo,Bauer,mateo.bauer48@example.com,2025-07-16,DE,Hamburg
184,Nora,Marques,nora.marques9@example.com,2025-09-06,FR,Lyon
185,Ezra,Novak,ezra.novak43@example.com,2025-12-01,DE,Munich
186,Cyrus,Sato,cyrus.sato17@example.com,2023-11-04,AU,Brisbane
187,Diego,Flores,diego.flores90@example.com,2024-05-17,BR,Sao Paulo
188,Tomas,Bauer,tomas.bauer3@example.com,2024-09-22,CA,Vancouver
189,Ivan,Johansson,ivan.johansson18@example.com,2025-06-19,UK,London
190,Diego,Castillo,diego.castillo49@example.com,2022-03-31,ZA,Johannesburg
191,Oliver,Bauer,oliver.bauer87@example.com,2024-07-08,ZA,Cape Town
192,Noah,Park,noah.park31@example.com,2025-03-14,JP,Tokyo
193,Henri,Costa,henri.costa99@example.com,2023-02-13,BR,Rio de Janeiro
194,Ezra,Silva,ezra.silva33@example.com,2025-12-27,DE,Hamburg
195,Lia,Khan,lia.khan37@example.com,2024-06-14,JP,Kyoto
196,Nina,Johansson,nina.johansson58@example.com,2024-02-05,FR,Paris
197,Ava,Lefevre,ava.lefevre11@example.com,2025-08-24,,
198,Isla,Novak,isla.novak18@example.com,2025-12-15,JP,Kyoto
199,Finn,Reyes,REZA.FISCHER70@EXAMPLE.COM,2022-11-03,,
200,Hana,Ortega,hana.ortega78@example.com,2022-04-08,AU,Sydney
201,Ava,Baig,ava.baig82@example.com,2022-02-03,UK,Bristol
202,Kian,Diaz,kian.diaz74@example.com,2023-05-08,FR,Paris
203,Milo,Baig,milo.baig24@example.com,2025-01-19,DE,Berlin
204,Tomas,Diaz,tomas.diaz71@example.com,2023-06-04,US,Austin
205,Maren,Nguyen,maren.nguyen46@example.com,2023-12-23,UK,Edinburgh
206,Arjun,Marques,arjun.marques83@example.com,2023-01-09,JP,Kyoto
207,Diego,Kim,diego.kim92@example.com,2023-02-13,AU,Sydney
208,Chen,Suzuki,chen.suzuki40@example.com,2025-08-17,BR,Rio de Janeiro
209,Ivan,Mendoza,ivan.mendoza46@example.com,2024-01-24,DE,Munich
210,Fatima,Sato,fatima.sato96@example.com,2024-10-15,DE,Berlin
211,Amara,Weber,amara.weber35@example.com,2023-01-05,UK,Bristol
212,Arjun,Mendoza,arjun.mendoza42@example.com,2024-05-22,AU,Melbourne
213,Mateo,Nair,mateo.nair57@example.com,2023-07-17,DE,Hamburg
214,Kian,Smith,kian.smith10@example.com,2022-03-05,BR,Brasilia
215,Aiko,Castillo,aiko.castillo87@example.com,2024-01-21,UK,Manchester
216,Amara,Lefevre,amara.lefevre73@example.com,2022-06-07,JP,Osaka
217,Milo,Silva,milo.silva68@example.com,2022-02-23,AU,Sydney
218,Maren,Okafor,maren.okafor64@example.com,2025-12-12,UK,Edinburgh
219,Henri,Haddad,henri.haddad79@example.com,2022-06-01,JP,Tokyo
220,Henri,Okafor,henri.okafor92@example.com,2022-05-13,DE,Hamburg
221,Hana,Park,hana.park38@example.com,2022-09-06,IN,Delhi
222,Ivan,Silva,ivan.silva31@example.com,2024-01-26,,
223,Sana,Sousa,sana.sousa17@example.com,2024-09-07,AU,Melbourne
224,Lia,Baig,lia.baig99@example.com,2024-07-10,IN,Delhi
225,Sana,Petit,sana.petit67@example.com,2022-09-22,BR,Brasilia
226,Fatima,Diaz,fatima.diaz8@example.com,2025-12-23,AU,Sydney
227,Noah,Hassan,noah.hassan67@example.com,2025-02-02,AU,Sydney
228,Mei,Silva,mei.silva81@example.com,2025-04-04,BR,Brasilia
229,Aiko,Fischer,aiko.fischer85@example.com,2022-02-28,DE,Hamburg
230,Nina,Garcia,nina.garcia83@example.com,2025-08-01,CA,Montreal
231,Priya,Nakamura,priya.nakamura81@example.com,2025-11-03,AU,Melbourne
232,Maya,Kowalski,maya.kowalski59@example.com,2023-02-22,JP,Osaka
233,Isla,Castillo,isla.castillo19@example.com,2024-01-29,DE,Munich
234,Tomas,Sousa,tomas.sousa14@example.com,2022-07-18,AU,Melbourne
235,Sofia,Mendoza,sofia.mendoza50@example.com,2023-10-03,IN,Delhi
236,Ivan,Kaur,ivan.kaur21@example.com,2022-07-04,JP,Osaka
237,Maya,Diaz,maya.diaz59@example.com,2024-10-10,DE,Berlin
238,Ezra,Lund,ezra.lund87@example.com,2023-06-26,UK,Bristol
239,Jude,Bauer,jude.bauer98@example.com,2024-01-13,US,Seattle
240,Hana,Mendoza,hana.mendoza10@example.com,2025-06-30,BR,Rio de Janeiro
241,Zoe,Ahmed,zoe.ahmed16@example.com,2024-01-19,DE,Munich
242,Reza,Novak,reza.novak26@example.com,2023-11-14,US,New York
243,Finn,Weber,finn.weber59@example.com,2023-10-15,IN,Delhi
244,Mateo,Sato,mateo.sato79@example.com,2024-12-26,DE,Hamburg
245,Nia,Berg,nia.berg73@example.com,2024-05-03,DE,Munich
246,Rania,Kowalski,rania.kowalski93@example.com,2025-09-04,ZA,Cape Town
247,Lila,Oduya,lila.oduya74@example.com,2025-06-23,JP,Tokyo
248,Lila,Lefevre,lila.lefevre19@example.com,2022-02-08,ZA,Durban
249,Henri,Suzuki,henri.suzuki54@example.com,2024-08-23,FR,Marseille
250,Maren,Ortega,maren.ortega8@example.com,2024-09-06,BR,Rio de Janeiro
251,Lia,Lefevre,lia.lefevre41@example.com,2025-10-16,BR,Rio de Janeiro
252,Lila,Ortega,lila.ortega88@example.com,2023-05-20,ZA,Cape Town
253,Mei,Sousa,mei.sousa39@example.com,2025-11-14,AU,Melbourne
254,Anya,Nakamura,anya.nakamura41@example.com,2025-10-17,AU,Melbourne
255,Arjun,Lefevre,arjun.lefevre51@example.com,2022-06-11,IN,Delhi
256,Kai,Reyes,kai.reyes84@example.com,2025-02-25,CA,Montreal
257,Theo,Petrov,theo.petrov18@example.com,2024-12-23,CA,Toronto
258,Noah,Tanaka,noah.tanaka30@example.com,2022-10-09,JP,Tokyo
259,Alex,Sousa,alex.sousa21@example.com,2023-08-12,JP,Osaka
260,Thabo,Mendoza,thabo.mendoza83@example.com,2022-03-18,ZA,Johannesburg
261,Zara,Baig,zara.baig23@example.com,2023-08-16,FR,Lyon
262,Chen,Patel,chen.patel39@example.com,2025-08-06,DE,Munich
263,Arjun,Weber,arjun.weber64@example.com,2022-08-19,BR,Rio de Janeiro
264,Isla,Fischer,isla.fischer94@example.com,2023-08-28,IN,Mumbai
265,Milo,Petit,milo.petit97@example.com,2022-06-27,FR,Lyon
266,Maya,Flores,maya.flores13@example.com,2027-04-20,DE,Berlin
267,Ava,Reyes,ava.reyes97@example.com,2023-06-20,ZA,Durban
268,Nora,Bauer,nora.bauer89@example.com,2025-11-06,JP,Osaka
269,Tomas,Berg,tomas.berg99@example.com,2023-03-25,AU,Melbourne
270,Diego,Ivanov,diego.ivanov20@example.com,2024-08-22,DE,Munich
271,Reza,Park,reza.park86@example.com,2024-12-17,ZA,Johannesburg
272,Anya,Bauer,anya.bauer10@example.com,2025-01-04,BR,Brasilia
273,Aiko,Fischer,aiko.fischer42@example.com,2022-07-06,CA,Montreal
274,Tomas,Reyes,tomas.reyes8@example.com,2024-08-04,JP,Kyoto
275,Zoe,Kowalski,zoe.kowalski93@example.com,2022-04-03,US,Chicago
276,Fatima,Hassan,fatima.hassan90@example.com,2024-04-17,UK,Bristol
277,Zara,Larsen,zara.larsen18@example.com,2024-02-23,FR,Lyon
278,Henri,Lefevre,henri.lefevre49@example.com,2023-12-14,BR,Sao Paulo
279,Yara,Okafor,yara.okafor69@example.com,2023-09-04,CA,Toronto
280,Sana,Petit,sana.petit93@example.com,2022-11-14,CA,Toronto
281,Mei,Rao,mei.rao93@example.com,2022-02-02,FR,Marseille
282,Ava,Haddad,ava.haddad9@example.com,2022-04-10,ZA,Durban
283,Ava,Rizzo,ava.rizzo6@example.com,2023-08-16,CA,Toronto
284,Noah,Ortega,noah.ortega74@example.com,2022-10-21,DE,Berlin
285,Cyrus,Weber,cyrus.weber29@example.com,2022-12-25,BR,Brasilia
286,Kian,Petit,kian.petit55@example.com,2024-12-10,DE,Hamburg
287,Thabo,Nair,thabo.nair54@example.com,2023-04-07,IN,Chennai
288,Elena,Berg,elena.berg19@example.com,2025-02-15,BR,Rio de Janeiro
289,Lia,Silva,lia.silva50@example.com,2022-07-09,UK,Bristol
290,Arjun,Ortega,arjun.ortega25@example.com,2022-05-30,ZA,Durban
291,Ivan,Kaur,ivan.kaur76@example.com,2023-11-13,JP,Tokyo
292,Elena,Patel,elena.patel28@example.com,2025-11-25,UK,Bristol
293,Ezra,Berg,ezra.berg27@example.com,2024-12-28,DE,Munich
294,Nora,Hassan,nora.hassan40@example.com,2024-08-19,JP,Osaka
295,Reza,Suzuki,reza.suzuki27@example.com,2022-02-03,ZA,Johannesburg
296,Ravi,Sousa,ravi.sousa75@example.com,2024-02-17,IN,Bengaluru
297,Milo,Yamamoto,milo.yamamoto64@example.com,2024-09-27,DE,Munich
298,Jude,Lund,jude.lund95@example.com,2025-01-24,DE,Berlin
299,Nia,Okafor,nia.okafor70@example.com,2022-06-02,BR,Sao Paulo
300,Cyrus,Smith,JONAS.IVANOV1@EXAMPLE.COM,2022-01-19,CA,Toronto
301,Leila,Diaz,leila.diaz59@example.com,2022-02-02,ZA,Cape Town
302,Alex,Park,alex.park71@example.com,2025-01-02,,
303,Hassan,Nguyen,hassan.nguyen65@example.com,2024-12-09,IN,Mumbai
304,Aiko,Yamamoto,aiko.yamamoto25@example.com,2022-06-11,DE,Munich
305,Amara,Sato,amara.sato59@example.com,2022-06-15,CA,Vancouver
306,Nora,Lund,nora.lund98@example.com,2025-07-28,FR,Marseille
307,Alex,Nair,alex.nair22@example.com,2022-07-15,DE,Hamburg
308,Lia,Garcia,lia.garcia30@example.com,2022-06-02,ZA,Cape Town
309,Zoe,Petrov,zoe.petrov70@example.com,2025-04-17,DE,Berlin
310,Aiko,Kaur,aiko.kaur92@example.com,2025-03-06,AU,Sydney
311,Jonas,Petit,jonas.petit70@example.com,2023-12-10,IN,Mumbai
312,Sofia,Dubois,sofia.dubois56@example.com,2024-03-23,ZA,Durban
313,Lila,Suzuki,lila.suzuki4@example.com,2025-02-06,JP,Osaka
314,Jonas,Muller,jonas.muller24@example.com,2025-12-31,UK,Edinburgh
315,Omar,Rossi,omar.rossi35@example.com,2022-08-07,IN,Hyderabad
316,Nina,Patel,nina.patel40@example.com,2024-06-01,UK,Manchester
317,Henri,Sousa,henri.sousa72@example.com,2025-05-07,UK,Edinburgh
318,Ezra,Suzuki,ARJUN.MENDOZA42@EXAMPLE.COM,2022-12-14,UK,Manchester
319,Zoe,Lefevre,zoe.lefevre22@example.com,2024-06-09,JP,Tokyo
320,Mei,Baig,mei.baig39@example.com,2024-10-12,AU,Sydney
321,Ezra,Ahmed,ezra.ahmed26@example.com,2025-06-24,US,Austin
322,Jonas,Marques,jonas.marques57@example.com,2025-05-20,ZA,Johannesburg
323,Theo,Rao,theo.rao62@example.com,2025-07-20,DE,Munich
324,Nia,Jensen,nia.jensen32@example.com,2025-02-28,FR,Lyon
325,Ivan,Oduya,ivan.oduya70@example.com,2023-03-06,US,Austin
326,Henri,Mendoza,henri.mendoza89@example.com,2025-07-21,FR,Marseille
327,Elena,Yamamoto,elena.yamamoto33@example.com,2025-05-09,FR,Paris
328,Finn,Oduya,finn.oduya52@example.com,2024-01-07,FR,Marseille
329,Theo,Park,theo.park77@example.com,2022-12-07,CA,Montreal
330,Nora,Ahmed,nora.ahmed6@example.com,2024-05-31,FR,Lyon
331,Luca,Patel,luca.patel13@example.com,2025-03-24,BR,Brasilia
332,Noah,Reyes,noah.reyes48@example.com,2023-12-08,ZA,Durban
333,Priya,Ivanov,priya.ivanov14@example.com,2022-10-18,UK,London
334,Kai,Kowalski,kai.kowalski44@example.com,2024-06-16,JP,Osaka
335,Jude,Nair,jude.nair58@example.com,2025-08-20,UK,London
336,Luca,Petit,luca.petit22@example.com,2023-11-09,BR,Sao Paulo
337,Hana,Muller,hana.muller60@example.com,2024-06-04,IN,Bengaluru
338,Maya,Nguyen,maya.nguyen95@example.com,2025-12-14,ZA,Cape Town
339,Leila,Haddad,leila.haddad36@example.com,2025-01-04,UK,London
340,Zara,Bauer,zara.bauer42@example.com,2023-10-04,JP,Kyoto
341,Ezra,Lefevre,ezra.lefevre79@example.com,2025-10-11,DE,Munich
342,Anya,Kowalski,anya.kowalski79@example.com,2022-08-28,DE,Berlin
343,Zara,Bauer,zara.bauer89@example.com,2024-05-16,ZA,Johannesburg
344,Zara,Nakamura,zara.nakamura82@example.com,2023-08-15,IN,Chennai
345,Diego,Okafor,diego.okafor41@example.com,2023-02-04,DE,Berlin
346,Jonas,Sousa,jonas.sousa65@example.com,2024-06-28,JP,Osaka
347,Nia,Fischer,nia.fischer11@example.com,2023-04-06,CA,Vancouver
348,Arjun,Mendoza,arjun.mendoza22@example.com,2025-03-18,JP,Kyoto
349,Yara,Petrov,yara.petrov70@example.com,2024-05-20,US,Austin
350,Luca,Rizzo,luca.rizzo84@example.com,2022-06-28,US,Austin
351,Henri,Khan,henri.khan31@example.com,2024-05-26,DE,Hamburg
352,Mateo,Ahmed,mateo.ahmed18@example.com,2023-07-30,US,Seattle
353,Ezra,Park,ezra.park22@example.com,2024-11-19,AU,Brisbane
354,Zoe,Dubois,zoe.dubois18@example.com,2022-09-17,US,San Francisco
355,Theo,Silva,theo.silva32@example.com,2022-10-19,CA,Montreal
356,Milo,Tanaka,milo.tanaka35@example.com,2023-07-24,UK,London
357,Theo,Bauer,theo.bauer59@example.com,2024-07-27,US,New York
358,Kian,Flores,kian.flores90@example.com,2024-05-29,BR,Rio de Janeiro
359,Leila,Nakamura,leila.nakamura35@example.com,2024-09-20,BR,Brasilia
360,Isla,Petit,isla.petit98@example.com,2022-11-20,JP,Tokyo
361,Henri,Costa,henri.costa1@example.com,2023-07-16,IN,Delhi
362,Nina,Lund,nina.lund47@example.com,2023-09-18,IN,Mumbai
363,Jude,Nair,jude.nair97@example.com,2022-06-09,UK,London
364,Diego,Oduya,diego.oduya29@example.com,2024-05-14,US,San Francisco
365,Theo,Silva,theo.silva62@example.com,2023-09-05,UK,London
366,Diego,Lefevre,diego.lefevre97@example.com,2022-01-18,IN,Mumbai
367,Ines,Lund,ines.lund22@example.com,2024-06-25,IN,Hyderabad
368,Leila,Rossi,leila.rossi13@example.com,2023-10-07,FR,Lyon
369,Diego,Yamamoto,diego.yamamoto36@example.com,2023-08-07,ZA,Durban
370,Lila,Nair,lila.nair4@example.com,2024-11-09,AU,Sydney
371,Ivan,Rizzo,ivan.rizzo51@example.com,2023-05-09,CA,Vancouver
372,Nia,Tanaka,nia.tanaka77@example.com,2022-09-28,US,San Francisco
373,Jonas,Jensen,jonas.jensen54@example.com,2022-05-19,JP,Tokyo
374,Alex,Okonkwo,alex.okonkwo28@example.com,2025-12-30,FR,Marseille
375,Tomas,Larsen,tomas.larsen54@example.com,2023-07-23,BR,Brasilia
376,Nina,Kowalski,nina.kowalski11@example.com,2025-04-16,IN,Chennai
377,Kian,Kaur,kian.kaur84@example.com,2023-05-04,FR,Marseille
378,Sofia,Yamamoto,sofia.yamamoto12@example.com,2025-09-26,ZA,Durban
379,Maren,Flores,maren.flores95@example.com,2022-01-24,,
380,Mateo,Nakamura,mateo.nakamura45@example.com,2023-07-05,AU,Sydney
381,Jude,Khan,jude.khan99@example.com,2023-06-23,FR,Lyon
382,Anya,Jensen,anya.jensen81@example.com,2025-03-06,DE,Berlin
383,Mateo,Bauer,mateo.bauer21@example.com,2023-04-13,ZA,Durban
384,Maren,Diaz,maren.diaz1@example.com,2024-02-24,CA,Toronto
385,Aiko,Okafor,aiko.okafor5@example.com,2024-05-02,FR,Paris
386,Jude,Suzuki,jude.suzuki35@example.com,2024-11-22,UK,London
387,Chen,Sato,chen.sato9@example.com,2024-07-24,AU,Melbourne
388,Alex,Bauer,alex.bauer26@example.com,2025-04-26,ZA,Johannesburg
389,Nia,Larsen,nia.larsen26@example.com,2027-05-03,CA,Toronto
390,Priya,Johansson,priya.johansson70@example.com,2027-09-07,US,San Francisco
391,Jonas,Rizzo,jonas.rizzo94@example.com,2022-05-03,CA,Vancouver
392,Aiko,Berg,aiko.berg36@example.com,2024-02-02,BR,Rio de Janeiro
393,Sana,Rizzo,sana.rizzo11@example.com,2022-05-08,FR,Paris
394,Fatima,Flores,fatima.flores17@example.com,2023-10-31,DE,Munich
395,Thabo,Reyes,thabo.reyes35@example.com,2022-08-05,IN,Chennai
396,Mateo,Reyes,mateo.reyes60@example.com,2024-08-06,DE,Berlin
397,Ravi,Khan,ravi.khan12@example.com,2023-11-03,ZA,Johannesburg
398,Aiko,Rossi,aiko.rossi92@example.com,2023-06-17,BR,Sao Paulo
399,Zara,Nguyen,zara.nguyen52@example.com,2022-07-28,BR,Sao Paulo
400,Diego,Khan,diego.khan2@example.com,2024-03-31,CA,Toronto
401,Amara,Petit,amara.petit81@example.com,2022-06-03,ZA,Cape Town
402,Priya,Kim,priya.kim26@example.com,2023-11-11,IN,Mumbai
403,Yara,Garcia,yara.garcia60@example.com,2022-03-02,FR,Marseille
404,Jonas,Petit,jonas.petit55@example.com,2022-11-01,IN,Delhi
405,Chen,Ahmed,chen.ahmed80@example.com,2024-09-08,JP,Osaka
406,Sofia,Rossi,sofia.rossi36@example.com,2025-01-18,BR,Sao Paulo
407,Priya,Lefevre,priya.lefevre92@example.com,2024-10-25,JP,Osaka
408,Thabo,Lefevre,thabo.lefevre35@example.com,2023-07-30,CA,Toronto
409,Sofia,Ivanov,sofia.ivanov68@example.com,2025-09-07,CA,Toronto
410,Ava,Petrov,ava.petrov69@example.com,2024-03-06,US,Chicago
411,Kai,Okafor,kai.okafor23@example.com,2025-12-05,DE,Hamburg
412,Kai,Jensen,kai.jensen73@example.com,2024-10-01,JP,Kyoto
413,Chen,Rossi,chen.rossi8@example.com,2027-08-16,BR,Rio de Janeiro
414,Ivan,Silva,ivan.silva44@example.com,2025-04-16,DE,Berlin
415,Anya,Novak,anya.novak15@example.com,2025-09-18,UK,Edinburgh
416,Maya,Oduya,maya.oduya13@example.com,2024-09-24,IN,Hyderabad
417,Nora,Suzuki,nora.suzuki23@example.com,2025-04-21,ZA,Cape Town
418,Zara,Lefevre,zara.lefevre40@example.com,2025-03-19,IN,Mumbai
419,Maya,Larsen,maya.larsen73@example.com,2022-08-02,ZA,Johannesburg
420,Nia,Novak,nia.novak43@example.com,2022-07-01,DE,Berlin
421,Anya,Flores,anya.flores82@example.com,2025-11-20,US,San Francisco
422,Omar,Hassan,omar.hassan33@example.com,2024-05-09,US,Austin
423,Mateo,Baig,mateo.baig64@example.com,2025-03-29,FR,Paris
424,Nora,Kaur,nora.kaur88@example.com,2023-06-19,US,San Francisco
425,Luca,Kim,luca.kim44@example.com,2025-06-10,UK,London
426,Finn,Berg,finn.berg4@example.com,2022-07-27,ZA,Cape Town
427,Isla,Haddad,isla.haddad25@example.com,2023-09-02,BR,Rio de Janeiro
428,Ava,Dubois,ava.dubois7@example.com,2022-01-08,JP,Tokyo
429,Fatima,Rossi,fatima.rossi38@example.com,2023-02-28,JP,Tokyo
430,Mateo,Tanaka,mateo.tanaka38@example.com,2024-08-22,UK,Edinburgh
431,Nia,Flores,nia.flores34@example.com,2024-01-27,IN,Delhi
432,Zara,Reyes,zara.reyes6@example.com,2022-11-06,CA,Vancouver
433,Reza,Nair,reza.nair86@example.com,2025-04-22,BR,Rio de Janeiro
434,Noah,Sousa,noah.sousa8@example.com,2024-08-30,FR,Marseille
435,Milo,Yamamoto,milo.yamamoto61@example.com,2024-11-24,US,Seattle
436,Milo,Petit,milo.petit80@example.com,2022-12-09,JP,Tokyo
437,Leila,Rao,leila.rao17@example.com,2025-07-08,FR,Paris
438,Aiko,Castillo,aiko.castillo34@example.com,2024-03-24,UK,London
439,Hana,Suzuki,hana.suzuki36@example.com,2024-05-09,US,Seattle
440,Yara,Baig,yara.baig20@example.com,2022-07-26,UK,London
441,Hassan,Park,hassan.park45@example.com,2022-03-18,JP,Kyoto
442,Zara,Petrov,zara.petrov52@example.com,2023-11-10,FR,Paris
443,Theo,Yamamoto,theo.yamamoto7@example.com,2023-09-13,DE,Berlin
444,Elena,Petrov,elena.petrov63@example.com,2024-06-26,CA,Toronto
445,Lila,Suzuki,lila.suzuki35@example.com,2024-04-13,UK,Manchester
446,Maren,Nakamura,maren.nakamura98@example.com,2022-05-15,US,Seattle
447,Elena,Berg,elena.berg65@example.com,2023-01-30,BR,Brasilia
448,Ivan,Smith,ivan.smith32@example.com,2024-01-25,DE,Hamburg
449,Sana,Diaz,sana.diaz51@example.com,2025-05-01,US,Chicago
450,Henri,Okafor,henri.okafor61@example.com,2025-11-11,IN,Delhi
451,Nina,Mendoza,nina.mendoza4@example.com,2025-08-18,ZA,Johannesburg
452,Noah,Petit,noah.petit27@example.com,2022-09-28,US,New York
453,Nora,Okafor,nora.okafor77@example.com,2025-12-23,ZA,Cape Town
454,Nora,Petrov,nora.petrov55@example.com,2023-09-11,JP,Osaka
455,Zoe,Weber,zoe.weber80@example.com,2024-02-06,BR,Brasilia
456,Hana,Lund,hana.lund77@example.com,2023-07-21,UK,Bristol
457,Kian,Suzuki,kian.suzuki36@example.com,2023-05-08,AU,Sydney
458,Sofia,Castillo,sofia.castillo52@example.com,2023-06-16,US,Austin
459,Oliver,Sato,oliver.sato50@example.com,2025-12-31,ZA,Johannesburg
460,Noah,Petit,noah.petit69@example.com,2022-12-15,DE,Hamburg
461,Cyrus,Sousa,cyrus.sousa24@example.com,2023-01-10,AU,Brisbane
462,Zoe,Marques,zoe.marques84@example.com,2023-11-10,AU,Melbourne
463,Amara,Okonkwo,amara.okonkwo75@example.com,2025-04-10,JP,Tokyo
464,Rania,Ahmed,rania.ahmed10@example.com,2024-04-26,UK,Bristol
465,Sofia,Novak,sofia.novak18@example.com,2023-01-05,ZA,Cape Town
466,Lila,Rossi,lila.rossi63@example.com,2024-07-14,DE,Hamburg
467,Mei,Haddad,mei.haddad98@example.com,2022-06-30,IN,Hyderabad
468,Diego,Ahmed,diego.ahmed56@example.com,2027-07-06,JP,Osaka
469,Ivan,Ortega,ivan.ortega48@example.com,2022-01-09,BR,Sao Paulo
470,Kian,Ortega,kian.ortega32@example.com,2024-10-27,AU,Sydney
471,Rania,Kowalski,rania.kowalski22@example.com,2025-05-06,AU,Melbourne
472,Lia,Marques,lia.marques56@example.com,2023-01-21,DE,Munich
473,Mateo,Sato,mateo.sato3@example.com,2025-04-22,IN,Bengaluru
474,Tomas,Fischer,tomas.fischer16@example.com,2023-06-08,US,Austin
475,Lila,Park,lila.park80@example.com,2022-08-26,UK,London
476,Oliver,Reyes,oliver.reyes49@example.com,2025-07-14,IN,Bengaluru
477,Alex,Kowalski,alex.kowalski54@example.com,2022-10-08,AU,Brisbane
478,Oliver,Dubois,oliver.dubois66@example.com,2025-06-01,UK,London
479,Ivan,Larsen,ivan.larsen34@example.com,2022-11-25,DE,Hamburg
480,Chen,Sousa,chen.sousa64@example.com,2022-01-27,JP,Osaka
481,Cyrus,Rossi,cyrus.rossi15@example.com,2022-06-03,IN,Mumbai
482,Jude,Ortega,jude.ortega13@example.com,2022-04-13,JP,Osaka
483,Luca,Okafor,luca.okafor6@example.com,2022-07-14,DE,Munich
484,Reza,Garcia,reza.garcia2@example.com,2024-06-15,IN,Delhi
485,Ines,Petrov,ines.petrov94@example.com,2024-07-23,IN,Mumbai
486,Mei,Lefevre,mei.lefevre89@example.com,2022-05-01,IN,Mumbai
487,Mateo,Dubois,mateo.dubois54@example.com,2025-06-05,ZA,Durban
488,Jonas,Larsen,jonas.larsen46@example.com,2022-08-20,IN,Hyderabad
489,Oliver,Reyes,oliver.reyes6@example.com,2025-03-26,US,Seattle
490,Jude,Jensen,jude.jensen29@example.com,2025-12-05,DE,Hamburg
491,Ines,Dubois,ines.dubois56@example.com,2024-02-28,DE,Hamburg
492,Aiko,Sousa,aiko.sousa79@example.com,2024-10-12,IN,Chennai
493,Mateo,Kim,mateo.kim97@example.com,2025-02-01,AU,Sydney
494,Nora,Lefevre,nora.lefevre52@example.com,2024-10-17,JP,Kyoto
495,Henri,Suzuki,henri.suzuki16@example.com,2022-03-15,US,New York
496,Hana,Sousa,hana.sousa1@example.com,2024-11-07,ZA,Durban
497,Hana,Haddad,hana.haddad84@example.com,2024-07-19,DE,Berlin
498,Isla,Sousa,isla.sousa99@example.com,2022-07-19,DE,Hamburg
499,Reza,Flores,ANYA.ROSSI65@EXAMPLE.COM,2025-12-08,AU,Brisbane
500,Luca,Garcia,luca.garcia22@example.com,2023-02-06,FR,Paris
