order_item_id,order_id,book_id,quantity,unit_price
1,297,284,3,38.31
2,500,348,1,6.57
3,56,228,1,13.29
4,191,349,2,19.93
5,13,404,1,19.28
6,241,151,2,17.89
7,77,14,1,33.28
8,400,402,2,37.9
9,299,372,1,39.92
10,40,115,2,25.11
11,215,63,2,26.25
12,267,138,1,15.26
13,125,186,1,31.19
14,124,491,2,17.32
15,469,248,2,32.52
16,424,65,2,36.82
17,341,134,1,9.13
18,259,295,2,32.04
19,449,86,1,31.79
20,241,65,1,5.84
21,38,444,2,36.65
22,206,124,3,16.79
23,173,316,1,6.58
24,182,467,2,30.92
25,388,69,3,31.81
26,480,78,1,17.95
27,195,91,2,14.78
28,119,175,1,36.41
29,433,147,1,31.51
30,22,377,3,23.17
31,316,178,1,15.07
32,115,148,1,31.37
33,342,50,1,22.8
34,307,492,2,11.83
35,422,105,1,24.99
36,267,233,1,30.07
37,62,222,2,35.26
38,375,496,1,31.05
39,39,260,1,27.07
40,398,353,1,6.34
41,362,163,1,28.14
42,19,322,1,25.52
43,113,136,2,33.49
44,145,326,1,35.0
45,2,252,2,29.85
46,353,195,3,27.32
47,337,450,1,35.63
48,251,201,2,21.83
49,58,460,1,20.65
50,218,238,1,17.17
51,66,248,2,29.05
52,138,456,2,32.01
53,163,415,2,14.12
54,249,174,3,15.8
55,294,275,1,8.86
56,313,310,2,30.28
57,47,171,1,24.35
58,266,275,1,34.34
59,368,411,1,16.6
60,376,7,1,31.43
61,257,249,1,15.55
62,396,18,1,33.45
63,206,380,1,7.68
64,361,213,1,34.06
65,78,302,2,26.2
66,166,381,1,21.06
67,497,242,2,8.26
68,288,146,3,13.56
69,255,488,1,30.01
70,296,204,1,21.69
71,160,415,3,8.34
72,443,304,1,19.11
73,268,291,1,22.27
74,380,78,1,24.79
75,3,108,2,24.1
76,334,237,3,24.42
77,376,54,2,18.15
78,83,63,1,35.44
79,454,88,3,22.05
80,281,5,1,39.85
81,451,268,1,18.01
82,73,351,1,38.32
83,310,237,1,37.45
84,437,85,2,21.59
85,92,35,1,11.57
86,276,49,1,25.81
87,326,116,1,37.48
88,421,219,2,17.85
89,479,278,3,7.71
90,375,92,1,9.43
91,331,170,2,25.73
92,414,316,3,0.0
93,119,47,2,10.77
94,166,497,1,33.25
95,242,257,1,18.76
96,362,160,2,7.74
97,110,485,3,29.9
98,287,356,1,24.53
99,179,444,1,31.98
100,218,287,1,11.27
101,6,185,2,25.52
102,467,130,2,26.24
103,141,204,1,29.65
104,30,422,1,37.47
105,324,89,2,27.66
106,54,15,2,10.36
107,446,43,2,9.18
108,364,50,2,34.84
109,378,15185,3,39.52
110,188,482,3,34.32
111,34,390,2,14.33
112,23,102,3,11.05
113,429,160,1,9.12
114,429,290,2,37.13
115,45,303,3,31.84
116,112,236,1,38.01
117,349,462,1,30.83
118,195,92,1,16.04
119,97,103,1,14.08
120,48,297,1,27.46
121,324,88,1,25.48
122,292,360,2,33.38
123,107,496,2,31.01
124,263,133,1,6.1
125,338,244,1,16.3
126,338,18,1,27.03
127,5,244,1,36.6
128,184,240,2,5.76
129,234,356,2,21.58
130,371,173,2,15.51
131,450,479,2,19.91
132,296,15,1,37.28
133,495,269,1,24.88
134,340,492,1,15.82
135,411,203,1,28.05
136,89,42,1,12.12
137,126,285,-1,10.58
138,282,358,1,28.4
139,362,470,1,16.14
140,205,460,1,30.56
141,202,178,2,38.96
142,454,394,1,16.89
143,313,204,1,9.83
144,109,48,1,11.3
145,160,421,2,38.55
146,84,265,1,7.89
147,52,208,1,9.51
148,352,249,3,19.06
149,156,380,3,33.25
150,258,243,3,23.73
151,403,218,2,35.46
152,4,479,3,11.92
153,373,223,1,6.39
154,236,456,2,13.83
155,152,13,2,15.26
156,229,326,1,17.5
157,379,90,1,9.41
158,253,141,1,29.11
159,423,478,3,24.92
160,168,76,2,27.32
161,196,372,1,27.29
162,206,487,3,27.85
163,429,495,1,24.98
164,316,438,1,6.71
165,111,224,1,32.24
166,344,205,1,14.54
167,10,337,1,21.19
168,326,114,1,16.36
169,148,312,2,27.22
170,200,286,1,16.19
171,78,381,2,29.42
172,131,339,2,27.1
173,177,383,2,15.21
174,346,80,2,26.85
175,213,12,1,22.18
176,472,194,2,9.32
177,109,293,1,10.57
178,377,282,2,12.62
179,143,186,3,35.97
180,391,258,2,12.88
181,388,423,2,35.57
182,2,172,2,28.92
183,298,499,2,27.27
184,71,258,1,30.63
185,167,86,2,28.95
186,12,453,3,22.9
187,468,189,3,11.13
188,472,68,1,6.08
189,236,309,2,32.89
190,257,412,2,35.52
191,126,493,-1,6.13
192,444,241,2,19.6
193,367,367,2,23.7
194,247,31,1,33.99
195,21,367,2,20.4
196,54,135,2,8.91
197,212,73,1,12.35
198,329,235,3,13.57
199,152,170,2,24.89
200,390,268,1,35.81
201,366,484,3,27.19
202,226,80,3,9.5
203,440,327,1,12.41
204,300,15966,3,35.46
205,245,88,1,25.55
206,268,444,2,35.48
207,248,8,3,16.98
208,115,312,3,27.75
209,236,327,1,34.6
210,269,380,1,6.15
211,488,35,1,23.72
212,447,409,1,23.3
213,409,354,3,12.99
214,91,312,1,8.2
215,426,464,1,7.13
216,300,245,2,35.86
217,405,101,2,7.92
218,278,307,2,5.34
219,464,454,2,11.82
220,315,1,1,26.05
221,91,248,2,27.58
222,273,141,3,15.81
223,388,250,1,39.1
224,84,390,2,8.31
225,176,276,1,8.8
226,158,164,2,28.97
227,108,80,1,31.82
228,437,340,1,23.08
229,305,400,3,37.65
230,439,190,1,30.43
231,162,218,2,19.6
232,207,210,1,9.9
233,141,13313,1,13.96
234,13,405,2,24.6
235,111,226,1,13.51
236,246,304,2,38.13
237,200,466,3,14.8
238,193,29,3,23.83
239,146,69,3,39.2
240,423,78,2,12.0
241,126,280,3,23.59
242,12,395,1,29.47
243,491,464,2,12.52
244,117,171,1,29.64
245,383,72,1,19.96
246,409,271,1,22.93
247,224,492,2,16.45
248,145,325,1,24.79
249,400,82,2,8.07
250,313,98,1,20.08
251,232,379,1,7.56
252,174,400,3,38.2
253,206,4,2,5.66
254,219,439,1,31.87
255,335,395,2,36.26
256,296,396,1,11.36
257,309,21,1,38.41
258,162,337,1,10.72
259,120,112,1,35.72
260,64,193,1,31.04
261,195,225,2,31.98
262,64,90,2,30.36
263,388,482,2,17.54
264,213,47,2,13.93
265,234,16226,2,35.01
266,485,34,2,27.82
267,360,330,2,5.55
268,374,166,1,13.71
269,66,72,3,6.36
270,108,339,1,19.52
271,89,266,1,33.36
272,451,403,1,12.14
273,192,136,2,32.41
274,456,377,1,6.63
275,307,87,1,17.2
276,215,58,2,19.53
277,226,309,-3,21.67
278,132,337,2,26.48
279,245,426,2,12.68
280,483,338,1,30.1
281,315,116,1,28.08
282,499,303,2,39.57
283,461,217,1,25.28
284,18,410,2,32.8
285,8,18,1,16.29
286,248,97,3,38.98
287,110,135,2,31.07
288,264,173,1,33.24
289,282,50,3,31.71
290,401,329,1,9.42
291,235,62,2,9.42
292,232,482,1,39.01
293,420,262,1,28.82
294,102,182,2,10.31
295,269,273,1,29.28
296,86,52,3,27.2
297,432,367,1,38.43
298,104,492,2,36.53
299,458,165,1,15.5
300,363,160,1,26.46
301,31,72,1,10.61
302,500,125,2,27.61
303,100,180,1,38.22
304,206,379,2,10.31
305,345,168,1,23.22
306,396,242,1,15.46
307,381,79,1,31.4
308,449,21,2,13.94
309,219,449,3,32.81
310,116,46,3,25.97
311,446,254,3,19.76
312,443,432,3,36.67
313,169,429,1,7.91
314,413,300,2,20.18
315,400,250,2,24.8
316,446,196,1,25.66
317,489,49,1,13.35
318,364,216,2,6.4
319,226,294,2,18.95
320,382,343,1,11.33
321,169,472,2,30.52
322,130,350,1,38.8
323,402,235,3,14.21
324,108,443,2,30.92
325,400,433,2,16.68
326,379,495,1,15.7
327,47,161,2,11.52
328,136,249,1,20.32
329,82,166,1,25.36
330,359,152,2,18.93
331,102,365,2,28.21
332,75,273,1,37.24
333,490,449,1,38.98
334,116,21,1,28.36
335,254,356,1,12.9
336,111,152,1,35.01
337,225,283,2,11.51
338,205,455,2,29.74
339,412,221,1,37.39
340,277,491,3,35.1
341,127,297,1,37.11
342,363,161,1,26.14
343,368,500,2,12.84
344,429,317,2,20.27
345,88,230,2,36.35
346,362,350,1,30.16
347,486,15,3,20.08
348,69,111,3,23.84
349,170,409,2,10.05
350,349,442,1,6.85
351,301,37,2,19.48
352,100,308,1,6.03
353,374,46,1,25.09
354,199,196,3,34.65
355,160,363,2,22.49
356,206,180,3,16.89
357,269,451,2,24.5
358,49,494,2,16.44
359,410,289,1,38.45
360,318,275,1,8.39
361,80,294,1,29.72
362,91,417,2,6.36
363,491,62,1,8.77
364,303,461,1,26.12
365,472,233,3,18.61
366,60,34,1,9.95
367,252,207,1,37.08
368,416,338,3,25.69
369,47,165,2,29.58
370,388,103,1,20.68
371,484,207,2,22.17
372,165,313,2,39.73
373,395,29,2,11.58
374,457,461,2,27.43
375,274,495,1,17.31
376,422,448,2,23.34
377,190,23,1,38.25
378,365,366,1,24.99
379,24,106,3,15.17
380,338,426,1,39.55
381,191,206,1,25.96
382,133,217,3,35.23
383,105,335,3,19.32
384,422,143,1,22.09
385,321,22,3,9.51
386,37,60,1,22.1
387,168,379,1,30.03
388,146,146,2,31.63
389,454,487,1,22.43
390,19,56,1,34.16
391,391,35,1,17.98
392,227,22,3,31.84
393,108,23,2,10.34
394,129,180,2,27.54
395,79,259,1,26.95
396,370,447,2,13.6
397,286,281,1,28.97
398,274,12783,3,17.96
399,54,4,-2,7.04
400,291,115,3,24.1
401,422,480,2,14.89
402,231,122,3,13.75
403,326,471,1,35.78
404,147,90,2,35.87
405,11,154,1,19.36
406,437,206,1,17.35
407,216,236,3,38.33
408,173,205,1,12.21
409,98,486,3,26.66
410,281,406,2,15.74
411,241,334,2,34.15
412,320,103,1,36.15
413,480,93,2,12.23
414,89,382,3,10.45
415,401,78,2,13.6
416,391,162,2,26.43
417,449,50,1,5.3
418,28,47,1,17.48
419,491,431,1,36.82
420,425,174,3,15.61
421,82,78,1,23.63
422,82,322,2,14.84
423,128,340,1,8.4
424,451,195,2,5.7
425,419,226,2,20.66
426,252,291,1,39.57
427,36,320,1,37.09
428,479,343,1,16.22
429,486,182,2,22.32
430,303,87,1,11.72
431,267,13,2,10.84
432,359,230,2,14.55
433,337,42,1,9.57
434,320,19398,1,11.99
435,199,345,1,16.75
436,438,218,2,9.63
437,134,251,1,36.97
438,44,468,1,36.35
439,66,55,1,18.07
440,411,45,-1,5.47
441,446,37,1,38.8
442,324,403,3,9.27
443,103,475,1,30.14
444,222,120,1,7.78
445,272,419,1,22.34
446,241,347,2,7.14
447,4,499,1,35.74
448,97,360,1,34.7
449,117,326,2,19.43
450,112,423,1,23.57
451,496,145,1,7.2
452,376,387,2,31.76
453,7,346,1,32.0
454,358,348,1,30.45
455,184,246,1,31.72
456,382,301,1,17.35
457,237,408,2,36.47
458,73,198,2,35.57
459,196,324,1,5.49
460,339,78,2,12.59
461,242,173,1,18.73
462,490,143,1,26.24
463,223,82,2,7.09
464,35,362,2,9.95
465,254,214,2,15.78
466,323,317,2,25.97
467,175,414,3,17.93
468,33,16062,2,38.06
469,466,161,3,39.04
470,285,407,1,36.56
471,401,498,1,26.33
472,128,241,1,35.83
473,76,42,2,26.09
474,491,35,2,11.76
475,365,435,1,0.0
476,183,248,2,14.55
477,161,275,1,27.6
478,306,152,3,35.97
479,259,405,2,33.65
480,134,152,1,27.54
481,189,466,1,18.37
482,228,56,1,11.92
483,146,66,1,9.34
484,283,73,1,18.13
485,223,203,1,34.26
486,145,388,2,22.91
487,366,33,1,8.58
488,366,387,1,16.84
489,385,206,2,19.57
490,356,422,1,20.7
491,467,117,1,28.92
492,330,116,2,12.67
493,79,71,2,18.56
494,203,14745,2,30.02
495,35,302,1,0.0
496,360,452,1,34.02
497,78,469,3,14.85
498,262,428,1,13.97
499,460,62,3,6.01
500,334,395,2,8.94
